{
"lengthUnit": "mil",
"remark": [],
"components": {
	"fields": ["COMPONENT_NO", "COMPONENT_NAME", "LAYER", "X_COORDINATE", "Y_COORDINATE", "ANGLE"],
	"rows": [
		[1, "C2", "T", 550, 500, 220],
		[2, "C3", "T", 580, 465, 220],
		[3, "C4", "T", 780, 885, 220],
		[4, "C5", "T", 460, 35, 0],
		[5, "C6", "T", 950, 560, 180],
		[6, "C7", "T", 495, 420, 310],
		[7, "C8", "T", 755, 970, 90],
		[8, "C9", "T", 1035, 915, 90],
		[9, "C10", "T", 965, 970, 0],
		[10, "C14", "T", 350, 1365, 0],
		[11, "C16", "T", 965, 925, 180],
		[12, "C19", "T", 387.952, 177.952, 90],
		[13, "C20", "T", 950, 630, 0],
		[14, "C25", "T", 390, 1190, 270],
		[15, "C26", "T", 355, 35, 0],
		[16, "C27", "T", 445, 175, 90],
		[17, "C28", "T", 215, 1120, 180],
		[18, "C29", "T", 755, 105, 90],
		[19, "C30", "T", 210, 1055, 180],
		[20, "D1", "T", 825, 455, 90],
		[21, "D4", "T", 925, 1400, 0],
		[22, "D5", "T", 800, 1385, 90],
		[23, "H1", "B", 1125, 1105, 90],
		[24, "H2", "B", 55, 1105, 270],
		[25, "JP1", "T", 585, 65, 0],
		[26, "L1", "T", 235, 35, 180],
		[27, "L2", "T", 720, 220, 180],
		[28, "LED1", "T", 590, 1685, 270],
		[29, "LED2", "T", 500, 1685, 270],
		[30, "LED3", "T", 935, 1605, 0],
		[31, "LED4", "T", 715, 1685, 270],
		[32, "Q1", "T", 385, 1010, 90],
		[33, "Q2", "T", 530, 1015, 90],
		[34, "R8", "T", 365, 830, 310],
		[35, "R14", "T", 215, 800, 0],
		[36, "R18", "T", 510, 1165, 90],
		[37, "R19", "T", 590, 1165, 270],
		[38, "R23", "T", 285, 155, 90],
		[39, "R24", "T", 235, 580, 270],
		[40, "R25", "T", 235, 155, 90],
		[41, "R26", "T", 285, 580, 270],
		[42, "R27", "T", 185, 155, 90],
		[43, "R28", "T", 850, 555, 0],
		[44, "R29", "T", 385, 1820, 90],
		[45, "R30", "T", 585, 1820, 90],
		[46, "R31", "T", 875, 1855, 0],
		[47, "R32", "T", 220, 1830, 0],
		[48, "R33", "T", 240, 690, 0],
		[49, "R34", "T", 215, 920, 180],
		[50, "R35", "T", 835, 1755, 0],
		[51, "R36", "T", 590, 1570, 270],
		[52, "R37", "T", 500, 1575, 270],
		[53, "SW1", "T", 265, 1490, 0],
		[54, "SW2", "T", 265, 1685, 0],
		[55, "U1", "T", 615, 715, 135],
		[56, "U4", "T", 260, 365, 180],
		[57, "U5", "T", 350, 2010, 180],
		[58, "U6", "T", 830, 2010, 180],
		[59, "U7", "T", 236.309, 1233.349, 0],
		[60, "U8", "T", 920, 1160, 270],
		[61, "X1", "T", 950, 785, 0],
		[62, "PAD1", "T", 377.56, 1365, 0],
		[63, "PAD2", "T", 322.44, 1365, 0],
		[64, "PAD3", "T", 825, 502.44, 0],
		[65, "PAD4", "T", 825, 407.56, 0],
		[66, "PAD5", "T", 989.961, 1400, 0],
		[67, "PAD6", "T", 860.039, 1400, 0],
		[68, "PAD7", "T", 800, 1449.961, 0],
		[69, "PAD8", "T", 800, 1320.039, 0],
		[70, "PAD9", "T", 1125, 55, 0],
		[71, "PAD9", "B", 1125, 55, 0],
		[72, "PAD10", "T", 1125, 155, 0],
		[73, "PAD10", "B", 1125, 155, 0],
		[74, "PAD11", "T", 1125, 255, 0],
		[75, "PAD11", "B", 1125, 255, 0],
		[76, "PAD12", "T", 1125, 355, 0],
		[77, "PAD12", "B", 1125, 355, 0],
		[78, "PAD13", "T", 1125, 455, 0],
		[79, "PAD13", "B", 1125, 455, 0],
		[80, "PAD14", "T", 1125, 555, 0],
		[81, "PAD14", "B", 1125, 555, 0],
		[82, "PAD15", "T", 1125, 655, 0],
		[83, "PAD15", "B", 1125, 655, 0],
		[84, "PAD16", "T", 1125, 755, 0],
		[85, "PAD16", "B", 1125, 755, 0],
		[86, "PAD17", "T", 1125, 855, 0],
		[87, "PAD17", "B", 1125, 855, 0],
		[88, "PAD18", "T", 1125, 955, 0],
		[89, "PAD18", "B", 1125, 955, 0],
		[90, "PAD19", "T", 1125, 1055, 0],
		[91, "PAD19", "B", 1125, 1055, 0],
		[92, "PAD20", "T", 1125, 1155, 0],
		[93, "PAD20", "B", 1125, 1155, 0],
		[94, "PAD21", "T", 1125, 1255, 0],
		[95, "PAD21", "B", 1125, 1255, 0],
		[96, "PAD22", "T", 1125, 1355, 0],
		[97, "PAD22", "B", 1125, 1355, 0],
		[98, "PAD23", "T", 1125, 1455, 0],
		[99, "PAD23", "B", 1125, 1455, 0],
		[100, "PAD24", "T", 1125, 1555, 0],
		[101, "PAD24", "B", 1125, 1555, 0],
		[102, "PAD25", "T", 1125, 1655, 0],
		[103, "PAD25", "B", 1125, 1655, 0],
		[104, "PAD26", "T", 1125, 1755, 0],
		[105, "PAD26", "B", 1125, 1755, 0],
		[106, "PAD27", "T", 1125, 1855, 0],
		[107, "PAD27", "B", 1125, 1855, 0],
		[108, "PAD28", "T", 1125, 1955, 0],
		[109, "PAD28", "B", 1125, 1955, 0],
		[110, "PAD29", "T", 1125, 2055, 0],
		[111, "PAD29", "B", 1125, 2055, 0],
		[112, "PAD30", "T", 1125, 2155, 0],
		[113, "PAD30", "B", 1125, 2155, 0],
		[114, "PAD31", "T", 55, 2155, 0],
		[115, "PAD31", "B", 55, 2155, 0],
		[116, "PAD32", "T", 55, 2055, 0],
		[117, "PAD32", "B", 55, 2055, 0],
		[118, "PAD33", "T", 55, 1955, 0],
		[119, "PAD33", "B", 55, 1955, 0],
		[120, "PAD34", "T", 55, 1855, 0],
		[121, "PAD34", "B", 55, 1855, 0],
		[122, "PAD35", "T", 55, 1755, 0],
		[123, "PAD35", "B", 55, 1755, 0],
		[124, "PAD36", "T", 55, 1655, 0],
		[125, "PAD36", "B", 55, 1655, 0],
		[126, "PAD37", "T", 55, 1555, 0],
		[127, "PAD37", "B", 55, 1555, 0],
		[128, "PAD38", "T", 55, 1455, 0],
		[129, "PAD38", "B", 55, 1455, 0],
		[130, "PAD39", "T", 55, 1355, 0],
		[131, "PAD39", "B", 55, 1355, 0],
		[132, "PAD40", "T", 55, 1255, 0],
		[133, "PAD40", "B", 55, 1255, 0],
		[134, "PAD41", "T", 55, 1155, 0],
		[135, "PAD41", "B", 55, 1155, 0],
		[136, "PAD42", "T", 55, 1055, 0],
		[137, "PAD42", "B", 55, 1055, 0],
		[138, "PAD43", "T", 55, 955, 0],
		[139, "PAD43", "B", 55, 955, 0],
		[140, "PAD44", "T", 55, 855, 0],
		[141, "PAD44", "B", 55, 855, 0],
		[142, "PAD45", "T", 55, 755, 0],
		[143, "PAD45", "B", 55, 755, 0],
		[144, "PAD46", "T", 55, 655, 0],
		[145, "PAD46", "B", 55, 655, 0],
		[146, "PAD47", "T", 55, 555, 0],
		[147, "PAD47", "B", 55, 555, 0],
		[148, "PAD48", "T", 55, 455, 0],
		[149, "PAD48", "B", 55, 455, 0],
		[150, "PAD49", "T", 55, 355, 0],
		[151, "PAD49", "B", 55, 355, 0],
		[152, "PAD50", "T", 55, 255, 0],
		[153, "PAD50", "B", 55, 255, 0],
		[154, "PAD51", "T", 55, 155, 0],
		[155, "PAD51", "B", 55, 155, 0],
		[156, "PAD52", "T", 55, 55, 0],
		[157, "PAD52", "B", 55, 55, 0],
		[158, "PAD53", "T", 643.07, 95.015, 0],
		[159, "PAD54", "T", 526.93, 95.015, 0],
		[160, "PAD55", "T", 585, 34.985, 0],
		[161, "PAD56", "T", 262.555, 35, 0],
		[162, "PAD57", "T", 207.445, 35, 0],
		[163, "PAD58", "T", 747.555, 220, 0],
		[164, "PAD59", "T", 692.445, 220, 0],
		[165, "PAD60", "T", 589.865, 1714.488, 0],
		[166, "PAD61", "T", 590.135, 1655.512, 0],
		[167, "PAD62", "T", 499.86, 1714.488, 0],
		[168, "PAD63", "T", 500.14, 1655.512, 0],
		[169, "PAD64", "T", 875.95, 1506.575, 0],
		[170, "PAD65", "T", 994.05, 1703.425, 0],
		[171, "PAD66", "T", 875.95, 1703.425, 0],
		[172, "PAD67", "T", 714.86, 1714.488, 0],
		[173, "PAD68", "T", 715.14, 1655.512, 0],
		[174, "PAD69", "T", 385, 960.8, 0],
		[175, "PAD70", "T", 347.6, 1059.2, 0],
		[176, "PAD71", "T", 422.4, 1059.2, 0],
		[177, "PAD72", "T", 530, 965.8, 0],
		[178, "PAD73", "T", 492.6, 1064.2, 0],
		[179, "PAD74", "T", 567.4, 1064.2, 0],
		[180, "PAD75", "T", 384.0651, 807.2791, 0],
		[181, "PAD76", "T", 345.9349, 852.7209, 0],
		[182, "PAD77", "T", 244.66, 800, 0],
		[183, "PAD78", "T", 185.34, 800, 0],
		[184, "PAD79", "T", 510, 1194.66, 0],
		[185, "PAD80", "T", 510, 1135.34, 0],
		[186, "PAD81", "T", 590, 1135.34, 0],
		[187, "PAD82", "T", 590, 1194.66, 0],
		[188, "PAD83", "T", 178.98, 1490, 0],
		[189, "PAD84", "T", 351.02, 1490, 0],
		[190, "PAD85", "T", 178.98, 1685, 0],
		[191, "PAD86", "T", 351.02, 1685, 0],
		[192, "PAD87", "T", 637.4789, 547.7551, 0],
		[193, "PAD88", "T", 648.6159, 558.892, 0],
		[194, "PAD89", "T", 659.7528, 570.029, 0],
		[195, "PAD90", "T", 670.8826, 581.1588, 0],
		[196, "PAD91", "T", 682.0196, 592.2958, 0],
		[197, "PAD92", "T", 693.1565, 603.4327, 0],
		[198, "PAD93", "T", 704.2934, 614.5696, 0],
		[199, "PAD94", "T", 715.4304, 625.7066, 0],
		[200, "PAD95", "T", 726.5602, 636.8364, 0],
		[201, "PAD96", "T", 737.6972, 647.9733, 0],
		[202, "PAD97", "T", 748.8341, 659.1103, 0],
		[203, "PAD98", "T", 759.971, 670.2472, 0],
		[204, "PAD99", "T", 771.108, 681.3841, 0],
		[205, "PAD100", "T", 782.2378, 692.514, 0],
		[206, "PAD101", "T", 782.2378, 737.486, 0],
		[207, "PAD102", "T", 771.108, 748.6159, 0],
		[208, "PAD103", "T", 759.971, 759.7528, 0],
		[209, "PAD104", "T", 748.8341, 770.8897, 0],
		[210, "PAD105", "T", 737.6972, 782.0267, 0],
		[211, "PAD106", "T", 726.5602, 793.1636, 0],
		[212, "PAD107", "T", 715.4304, 804.2934, 0],
		[213, "PAD108", "T", 704.2934, 815.4304, 0],
		[214, "PAD109", "T", 693.1565, 826.5673, 0],
		[215, "PAD110", "T", 682.0196, 837.7042, 0],
		[216, "PAD111", "T", 670.8826, 848.8412, 0],
		[217, "PAD112", "T", 659.7528, 859.971, 0],
		[218, "PAD113", "T", 648.6159, 871.108, 0],
		[219, "PAD114", "T", 592.514, 882.2378, 0],
		[220, "PAD115", "T", 581.3841, 871.108, 0],
		[221, "PAD116", "T", 570.2472, 859.971, 0],
		[222, "PAD117", "T", 559.1103, 848.8341, 0],
		[223, "PAD118", "T", 547.9733, 837.6972, 0],
		[224, "PAD119", "T", 536.8364, 826.5602, 0],
		[225, "PAD120", "T", 525.7066, 815.4304, 0],
		[226, "PAD121", "T", 514.5696, 804.2934, 0],
		[227, "PAD122", "T", 503.4327, 793.1565, 0],
		[228, "PAD123", "T", 470.029, 759.7528, 0],
		[229, "PAD124", "T", 458.892, 748.6159, 0],
		[230, "PAD125", "T", 447.7551, 737.4789, 0],
		[231, "PAD126", "T", 447.7551, 692.5211, 0],
		[232, "PAD127", "T", 458.892, 681.3841, 0],
		[233, "PAD128", "T", 470.029, 670.2472, 0],
		[234, "PAD129", "T", 481.1588, 659.1174, 0],
		[235, "PAD130", "T", 492.2958, 647.9804, 0],
		[236, "PAD131", "T", 503.4327, 636.8435, 0],
		[237, "PAD132", "T", 514.5696, 625.7066, 0],
		[238, "PAD133", "T", 525.7066, 614.5696, 0],
		[239, "PAD134", "T", 536.8364, 603.4398, 0],
		[240, "PAD135", "T", 547.9733, 592.3028, 0],
		[241, "PAD136", "T", 559.1103, 581.1659, 0],
		[242, "PAD137", "T", 570.2472, 570.029, 0],
		[243, "PAD138", "T", 581.3841, 558.892, 0],
		[244, "PAD139", "T", 592.514, 547.7622, 0],
		[245, "PAD140", "T", 614.9929, 715, 0],
		[246, "PAD141", "T", 335, 504.46, 0],
		[247, "PAD142", "T", 285, 504.46, 0],
		[248, "PAD143", "T", 235, 504.46, 0],
		[249, "PAD144", "T", 185, 504.46, 0],
		[250, "PAD145", "T", 335, 225.54, 0],
		[251, "PAD146", "T", 285, 225.54, 0],
		[252, "PAD147", "T", 235, 225.54, 0],
		[253, "PAD148", "T", 185, 225.54, 0],
		[254, "PAD149", "T", 255.515, 1916.6, 0],
		[255, "PAD150", "T", 281.095, 1916.6, 0],
		[256, "PAD151", "T", 320.465, 1916.6, 0],
		[257, "PAD152", "T", 340.155, 1916.6, 0],
		[258, "PAD153", "T", 359.835, 1916.6, 0],
		[259, "PAD154", "T", 379.525, 1916.6, 0],
		[260, "PAD155", "T", 399.205, 1916.6, 0],
		[261, "PAD156", "T", 444.485, 1916.6, 0],
		[262, "PAD157", "T", 224.015, 1916.6, 0],
		[263, "PAD158", "T", 475.985, 1916.6, 0],
		[264, "PAD159", "T", 520.075, 2103.4, 0],
		[265, "PAD159", "B", 520.075, 2103.4, 0],
		[266, "PAD160", "T", 520.075, 1938.83, 0],
		[267, "PAD160", "B", 520.075, 1938.83, 0],
		[268, "PAD161", "T", 179.925, 1938.83, 0],
		[269, "PAD161", "B", 179.925, 1938.83, 0],
		[270, "PAD162", "T", 179.925, 2103.4, 0],
		[271, "PAD162", "B", 179.925, 2103.4, 0],
		[272, "PAD163", "T", 735.515, 1916.6, 0],
		[273, "PAD164", "T", 761.095, 1916.6, 0],
		[274, "PAD165", "T", 800.465, 1916.6, 0],
		[275, "PAD166", "T", 820.155, 1916.6, 0],
		[276, "PAD167", "T", 839.835, 1916.6, 0],
		[277, "PAD168", "T", 859.525, 1916.6, 0],
		[278, "PAD169", "T", 879.205, 1916.6, 0],
		[279, "PAD170", "T", 924.485, 1916.6, 0],
		[280, "PAD171", "T", 704.015, 1916.6, 0],
		[281, "PAD172", "T", 955.985, 1916.6, 0],
		[282, "PAD173", "T", 1000.075, 2103.4, 0],
		[283, "PAD173", "B", 1000.075, 2103.4, 0],
		[284, "PAD174", "T", 1000.075, 1938.83, 0],
		[285, "PAD174", "B", 1000.075, 1938.83, 0],
		[286, "PAD175", "T", 659.925, 1938.83, 0],
		[287, "PAD175", "B", 659.925, 1938.83, 0],
		[288, "PAD176", "T", 659.925, 2103.4, 0],
		[289, "PAD176", "B", 659.925, 2103.4, 0],
		[290, "PAD177", "T", 206.844, 1176.269, 0],
		[291, "PAD178", "T", 226.524, 1176.269, 0],
		[292, "PAD179", "T", 246.214, 1176.269, 0],
		[293, "PAD180", "T", 265.894, 1176.259, 0],
		[294, "PAD181", "T", 293.394, 1203.829, 0],
		[295, "PAD182", "T", 293.394, 1223.509, 0],
		[296, "PAD183", "T", 293.394, 1243.199, 0],
		[297, "PAD184", "T", 293.394, 1262.879, 0],
		[298, "PAD185", "T", 265.834, 1290.439, 0],
		[299, "PAD186", "T", 206.814, 1290.439, 0],
		[300, "PAD187", "T", 179.224, 1262.879, 0],
		[301, "PAD188", "T", 236.324, 1233.349, 0],
		[302, "PAD189", "T", 829.45, 1047.5, 0],
		[303, "PAD190", "T", 920, 1047.5, 0],
		[304, "PAD191", "T", 1010.55, 1047.5, 0],
		[305, "PAD192", "T", 920, 1272.5, 0],
		[306, "PAD193", "T", 906.69, 751.535, 0],
		[307, "PAD194", "T", 993.31, 751.535, 0],
		[308, "PAD195", "T", 993.31, 818.465, 0],
		[309, "PAD196", "T", 906.69, 818.465, 0],
		[310, "PAD197", "T", 567.3296, 454.3683, 0],
		[311, "PAD198", "T", 592.6704, 475.6317, 0],
		[312, "PAD199", "T", 755, 986.54, 0],
		[313, "PAD200", "T", 755, 953.46, 0],
		[314, "PAD201", "T", 981.54, 970, 0],
		[315, "PAD202", "T", 948.46, 970, 0],
		[316, "PAD203", "T", 948.46, 925, 0],
		[317, "PAD204", "T", 981.54, 925, 0],
		[318, "PAD205", "T", 387.952, 217.322, 0],
		[319, "PAD206", "T", 387.952, 138.582, 0],
		[320, "PAD207", "T", 989.37, 630, 0],
		[321, "PAD208", "T", 910.63, 630, 0],
		[322, "PAD209", "T", 537.3296, 489.3683, 0],
		[323, "PAD210", "T", 562.6704, 510.6317, 0],
		[324, "PAD211", "T", 535.3028, 371.969, 0],
		[325, "PAD212", "T", 454.6972, 468.031, 0],
		[326, "PAD213", "T", 390, 1173.46, 0],
		[327, "PAD214", "T", 390, 1206.54, 0],
		[328, "PAD215", "T", 371.54, 35, 0],
		[329, "PAD216", "T", 338.46, 35, 0],
		[330, "PAD217", "T", 445, 191.54, 0],
		[331, "PAD218", "T", 445, 158.46, 0],
		[332, "PAD219", "T", 198.46, 1120, 0],
		[333, "PAD220", "T", 231.54, 1120, 0],
		[334, "PAD221", "T", 758.8878, 867.2848, 0],
		[335, "PAD222", "T", 801.1122, 902.7152, 0],
		[336, "PAD223", "T", 476.54, 35, 0],
		[337, "PAD224", "T", 443.46, 35, 0],
		[338, "PAD225", "T", 755, 121.54, 0],
		[339, "PAD226", "T", 755, 88.46, 0],
		[340, "PAD227", "T", 922.44, 560, 0],
		[341, "PAD228", "T", 977.56, 560, 0],
		[342, "PAD229", "T", 1035, 942.56, 0],
		[343, "PAD230", "T", 1035, 887.44, 0],
		[344, "PAD231", "T", 170.63, 1055, 0],
		[345, "PAD232", "T", 249.37, 1055, 0],
		[346, "PAD233", "T", 285, 172.04, 0],
		[347, "PAD234", "T", 285, 137.96, 0],
		[348, "PAD235", "T", 235, 562.96, 0],
		[349, "PAD236", "T", 235, 597.04, 0],
		[350, "PAD237", "T", 235, 172.04, 0],
		[351, "PAD238", "T", 235, 137.96, 0],
		[352, "PAD239", "T", 285, 562.96, 0],
		[353, "PAD240", "T", 285, 597.04, 0],
		[354, "PAD241", "T", 185, 172.04, 0],
		[355, "PAD242", "T", 185, 137.96, 0],
		[356, "PAD243", "T", 867.04, 555, 0],
		[357, "PAD244", "T", 832.96, 555, 0],
		[358, "PAD245", "T", 385, 1849.66, 0],
		[359, "PAD246", "T", 385, 1790.34, 0],
		[360, "PAD247", "T", 585, 1849.66, 0],
		[361, "PAD248", "T", 585, 1790.34, 0],
		[362, "PAD249", "T", 904.66, 1855, 0],
		[363, "PAD250", "T", 845.34, 1855, 0],
		[364, "PAD251", "T", 249.66, 1830, 0],
		[365, "PAD252", "T", 190.34, 1830, 0],
		[366, "PAD253", "T", 269.66, 690, 0],
		[367, "PAD254", "T", 210.34, 690, 0],
		[368, "PAD255", "T", 185.34, 920, 0],
		[369, "PAD256", "T", 244.66, 920, 0],
		[370, "PAD257", "T", 852.04, 1755, 0],
		[371, "PAD258", "T", 817.96, 1755, 0],
		[372, "PAD259", "T", 590, 1552.96, 0],
		[373, "PAD260", "T", 590, 1587.04, 0],
		[374, "PAD261", "T", 500, 1557.96, 0],
		[375, "PAD262", "T", 500, 1592.04, 0],
		[376, "PAD263", "T", 920, 1270, 0],
		[377, "PAD263", "B", 920, 1270, 0]
	]
},
"pins": {
	"fields": ["PIN_NO", "PIN_NAME", "PIN_X", "PIN_Y", "LAYER", "PIN_TYPE", "NET_NAME", "NET_TYPE", "PAD_SHAPE", "PAD_SIZEX", "PAD_SIZEY", "HOLE_SIZE", "HOLE_LEN", "PAD_ANGLE"],
	"rows": [
		[1, "C2_1", 562.6704, 510.6317, "T", "SMD", "3V3", "", "R", 19.685, 21.26, 0, 0, 220],
		[2, "C2_2", 537.3296, 489.3683, "T", "SMD", "GND", "GND", "R", 19.685, 21.26, 0, 0, 220],
		[3, "C3_1", 592.6704, 475.6317, "T", "SMD", "3V3", "", "R", 19.685, 21.26, 0, 0, 220],
		[4, "C3_2", 567.3296, 454.3683, "T", "SMD", "GND", "GND", "R", 19.685, 21.26, 0, 0, 220],
		[5, "C4_1", 801.1122, 902.7152, "T", "SMD", "3V3", "", "R", 31.496, 35.433, 0, 0, 220],
		[6, "C4_2", 758.8878, 867.2848, "T", "SMD", "GND", "GND", "R", 31.496, 35.433, 0, 0, 220],
		[7, "C5_1", 443.46, 35, "T", "SMD", "GND", "GND", "R", 19.685, 21.26, 0, 0, 0],
		[8, "C5_2", 476.54, 35, "T", "SMD", "$1N2277", "", "R", 19.685, 21.26, 0, 0, 0],
		[9, "C6_1", 977.56, 560, "T", "SMD", "GND", "GND", "R", 31.496, 35.433, 0, 0, 180],
		[10, "C6_2", 922.44, 560, "T", "SMD", "$1N4327", "", "R", 31.496, 35.433, 0, 0, 180],
		[11, "C7_1", 454.6972, 468.031, "T", "SMD", "3V3", "", "R", 58.465, 68.031, 0, 0, 310],
		[12, "C7_2", 535.3028, 371.969, "T", "SMD", "GND", "GND", "R", 58.465, 68.031, 0, 0, 310],
		[13, "C8_1", 755, 953.46, "T", "SMD", "3V3", "", "R", 19.685, 21.26, 0, 0, 90],
		[14, "C8_2", 755, 986.54, "T", "SMD", "GND", "GND", "R", 19.685, 21.26, 0, 0, 90],
		[15, "C9_1", 1035, 887.44, "T", "SMD", "GND", "GND", "R", 31.496, 35.433, 0, 0, 90],
		[16, "C9_2", 1035, 942.56, "T", "SMD", "$1N4460", "", "R", 31.496, 35.433, 0, 0, 90],
		[17, "C10_1", 948.46, 970, "T", "SMD", "GND", "GND", "R", 19.685, 21.26, 0, 0, 0],
		[18, "C10_2", 981.54, 970, "T", "SMD", "+5V", "", "R", 19.685, 21.26, 0, 0, 0],
		[19, "C14_1", 322.44, 1365, "T", "SMD", "3V3", "", "R", 31.496, 35.433, 0, 0, 0],
		[20, "C14_2", 377.56, 1365, "T", "SMD", "GND", "GND", "R", 31.496, 35.433, 0, 0, 0],
		[21, "C16_1", 981.54, 925, "T", "SMD", "+5V", "", "R", 19.685, 21.26, 0, 0, 180],
		[22, "C16_2", 948.46, 925, "T", "SMD", "GND", "GND", "R", 19.685, 21.26, 0, 0, 180],
		[23, "C19_1", 387.952, 138.582, "T", "SMD", "GND", "GND", "R", 55.512, 53.15, 0, 0, 90],
		[24, "C19_2", 387.952, 217.322, "T", "SMD", "VDD_SPI", "", "R", 55.512, 53.15, 0, 0, 90],
		[25, "C20_1", 910.63, 630, "T", "SMD", "3V3", "", "R", 55.512, 53.15, 0, 0, 0],
		[26, "C20_2", 989.37, 630, "T", "SMD", "GND", "GND", "R", 55.512, 53.15, 0, 0, 0],
		[27, "C25_1", 390, 1206.54, "T", "SMD", "$1N11135", "", "R", 19.685, 21.26, 0, 0, 270],
		[28, "C25_2", 390, 1173.46, "T", "SMD", "GND", "GND", "R", 19.685, 21.26, 0, 0, 270],
		[29, "C26_1", 338.46, 35, "T", "SMD", "$1N2055", "", "R", 19.685, 21.26, 0, 0, 0],
		[30, "C26_2", 371.54, 35, "T", "SMD", "GND", "GND", "R", 19.685, 21.26, 0, 0, 0],
		[31, "C27_1", 445, 158.46, "T", "SMD", "GND", "GND", "R", 19.685, 21.26, 0, 0, 90],
		[32, "C27_2", 445, 191.54, "T", "SMD", "VDD_SPI", "", "R", 19.685, 21.26, 0, 0, 90],
		[33, "C28_1", 231.54, 1120, "T", "SMD", "GND", "GND", "R", 19.685, 21.26, 0, 0, 180],
		[34, "C28_2", 198.46, 1120, "T", "SMD", "3V3", "", "R", 19.685, 21.26, 0, 0, 180],
		[35, "C29_1", 755, 88.46, "T", "SMD", "GND", "GND", "R", 19.685, 21.26, 0, 0, 90],
		[36, "C29_2", 755, 121.54, "T", "SMD", "$1N2273", "", "R", 19.685, 21.26, 0, 0, 90],
		[37, "C30_1", 249.37, 1055, "T", "SMD", "GND", "GND", "R", 55.512, 53.15, 0, 0, 180],
		[38, "C30_2", 170.63, 1055, "T", "SMD", "3V3", "", "R", 55.512, 53.15, 0, 0, 180],
		[39, "D1_1", 825, 407.56, "T", "SMD", "GND", "GND", "R", 31.496, 31.496, 0, 0, 90],
		[40, "D1_2", 825, 502.44, "T", "SMD", "3V3", "", "R", 31.496, 31.496, 0, 0, 90],
		[41, "D4_1", 860.039, 1400, "T", "SMD", "+5V", "", "R", 39.37, 47.244, 0, 0, 0],
		[42, "D4_2", 989.961, 1400, "T", "SMD", "VBUSB", "", "R", 39.37, 47.244, 0, 0, 0],
		[43, "D5_1", 800, 1320.039, "T", "SMD", "+5V", "", "R", 39.37, 47.244, 0, 0, 90],
		[44, "D5_2", 800, 1449.961, "T", "SMD", "VBUSB", "", "R", 39.37, 47.244, 0, 0, 90],
		[45, "H1_1", 1125, 55, "T", "DIP", "GND", "GND", "R", 62.992, 62.992, 41.338, 41.338, 90],
		[46, "H1_1", 1125, 55, "B", "DIP", "GND", "GND", "R", 62.992, 62.992, 41.338, 41.338, 90],
		[47, "H1_2", 1125, 155, "T", "DIP", "GPIO01", "", "C", 62.992, 62.992, 41.338, 41.338, 90],
		[48, "H1_2", 1125, 155, "B", "DIP", "GPIO01", "", "C", 62.992, 62.992, 41.338, 41.338, 90],
		[49, "H1_3", 1125, 255, "T", "DIP", "GPIO02", "", "C", 62.992, 62.992, 41.338, 41.338, 90],
		[50, "H1_3", 1125, 255, "B", "DIP", "GPIO02", "", "C", 62.992, 62.992, 41.338, 41.338, 90],
		[51, "H1_4", 1125, 355, "T", "DIP", "GPIO03", "", "C", 62.992, 62.992, 41.338, 41.338, 90],
		[52, "H1_4", 1125, 355, "B", "DIP", "GPIO03", "", "C", 62.992, 62.992, 41.338, 41.338, 90],
		[53, "H1_5", 1125, 455, "T", "DIP", "GPIO04", "", "C", 62.992, 62.992, 41.338, 41.338, 90],
		[54, "H1_5", 1125, 455, "B", "DIP", "GPIO04", "", "C", 62.992, 62.992, 41.338, 41.338, 90],
		[55, "H1_6", 1125, 555, "T", "DIP", "GPIO05", "", "C", 62.992, 62.992, 41.338, 41.338, 90],
		[56, "H1_6", 1125, 555, "B", "DIP", "GPIO05", "", "C", 62.992, 62.992, 41.338, 41.338, 90],
		[57, "H1_7", 1125, 655, "T", "DIP", "GPIO06", "", "C", 62.992, 62.992, 41.338, 41.338, 90],
		[58, "H1_7", 1125, 655, "B", "DIP", "GPIO06", "", "C", 62.992, 62.992, 41.338, 41.338, 90],
		[59, "H1_8", 1125, 755, "T", "DIP", "GPIO07", "", "C", 62.992, 62.992, 41.338, 41.338, 90],
		[60, "H1_8", 1125, 755, "B", "DIP", "GPIO07", "", "C", 62.992, 62.992, 41.338, 41.338, 90],
		[61, "H1_9", 1125, 855, "T", "DIP", "GPIO08", "", "C", 62.992, 62.992, 41.338, 41.338, 90],
		[62, "H1_9", 1125, 855, "B", "DIP", "GPIO08", "", "C", 62.992, 62.992, 41.338, 41.338, 90],
		[63, "H1_10", 1125, 955, "T", "DIP", "GPIO09", "", "C", 62.992, 62.992, 41.338, 41.338, 90],
		[64, "H1_10", 1125, 955, "B", "DIP", "GPIO09", "", "C", 62.992, 62.992, 41.338, 41.338, 90],
		[65, "H1_11", 1125, 1055, "T", "DIP", "GPIO010", "", "C", 62.992, 62.992, 41.338, 41.338, 90],
		[66, "H1_11", 1125, 1055, "B", "DIP", "GPIO010", "", "C", 62.992, 62.992, 41.338, 41.338, 90],
		[67, "H1_12", 1125, 1155, "T", "DIP", "GPIO011", "", "C", 62.992, 62.992, 41.338, 41.338, 90],
		[68, "H1_12", 1125, 1155, "B", "DIP", "GPIO011", "", "C", 62.992, 62.992, 41.338, 41.338, 90],
		[69, "H1_13", 1125, 1255, "T", "DIP", "GPIO012", "", "C", 62.992, 62.992, 41.338, 41.338, 90],
		[70, "H1_13", 1125, 1255, "B", "DIP", "GPIO012", "", "C", 62.992, 62.992, 41.338, 41.338, 90],
		[71, "H1_14", 1125, 1355, "T", "DIP", "GPIO013", "", "C", 62.992, 62.992, 41.338, 41.338, 90],
		[72, "H1_14", 1125, 1355, "B", "DIP", "GPIO013", "", "C", 62.992, 62.992, 41.338, 41.338, 90],
		[73, "H1_15", 1125, 1455, "T", "DIP", "GPIO014", "", "C", 62.992, 62.992, 41.338, 41.338, 90],
		[74, "H1_15", 1125, 1455, "B", "DIP", "GPIO014", "", "C", 62.992, 62.992, 41.338, 41.338, 90],
		[75, "H1_16", 1125, 1555, "T", "DIP", "GPIO15", "", "C", 62.992, 62.992, 41.338, 41.338, 90],
		[76, "H1_16", 1125, 1555, "B", "DIP", "GPIO15", "", "C", 62.992, 62.992, 41.338, 41.338, 90],
		[77, "H1_17", 1125, 1655, "T", "DIP", "GPIO16", "", "C", 62.992, 62.992, 41.338, 41.338, 90],
		[78, "H1_17", 1125, 1655, "B", "DIP", "GPIO16", "", "C", 62.992, 62.992, 41.338, 41.338, 90],
		[79, "H1_18", 1125, 1755, "T", "DIP", "GPIO17", "", "C", 62.992, 62.992, 41.338, 41.338, 90],
		[80, "H1_18", 1125, 1755, "B", "DIP", "GPIO17", "", "C", 62.992, 62.992, 41.338, 41.338, 90],
		[81, "H1_19", 1125, 1855, "T", "DIP", "GPIO18", "", "C", 62.992, 62.992, 41.338, 41.338, 90],
		[82, "H1_19", 1125, 1855, "B", "DIP", "GPIO18", "", "C", 62.992, 62.992, 41.338, 41.338, 90],
		[83, "H1_20", 1125, 1955, "T", "DIP", "GPIO19", "", "C", 62.992, 62.992, 41.338, 41.338, 90],
		[84, "H1_20", 1125, 1955, "B", "DIP", "GPIO19", "", "C", 62.992, 62.992, 41.338, 41.338, 90],
		[85, "H1_21", 1125, 2055, "T", "DIP", "GPIO20", "", "C", 62.992, 62.992, 41.338, 41.338, 90],
		[86, "H1_21", 1125, 2055, "B", "DIP", "GPIO20", "", "C", 62.992, 62.992, 41.338, 41.338, 90],
		[87, "H1_22", 1125, 2155, "T", "DIP", "GPIO21", "", "C", 62.992, 62.992, 41.338, 41.338, 90],
		[88, "H1_22", 1125, 2155, "B", "DIP", "GPIO21", "", "C", 62.992, 62.992, 41.338, 41.338, 90],
		[89, "H2_1", 55, 2155, "T", "DIP", "+5V", "", "R", 62.992, 62.992, 41.338, 41.338, 270],
		[90, "H2_1", 55, 2155, "B", "DIP", "+5V", "", "R", 62.992, 62.992, 41.338, 41.338, 270],
		[91, "H2_2", 55, 2055, "T", "DIP", "+5V", "", "C", 62.992, 62.992, 41.338, 41.338, 270],
		[92, "H2_2", 55, 2055, "B", "DIP", "+5V", "", "C", 62.992, 62.992, 41.338, 41.338, 270],
		[93, "H2_3", 55, 1955, "T", "DIP", "3V3", "", "C", 62.992, 62.992, 41.338, 41.338, 270],
		[94, "H2_3", 55, 1955, "B", "DIP", "3V3", "", "C", 62.992, 62.992, 41.338, 41.338, 270],
		[95, "H2_4", 55, 1855, "T", "DIP", "3V3", "", "C", 62.992, 62.992, 41.338, 41.338, 270],
		[96, "H2_4", 55, 1855, "B", "DIP", "3V3", "", "C", 62.992, 62.992, 41.338, 41.338, 270],
		[97, "H2_5", 55, 1755, "T", "DIP", "GPIO00", "", "C", 62.992, 62.992, 41.338, 41.338, 270],
		[98, "H2_5", 55, 1755, "B", "DIP", "GPIO00", "", "C", 62.992, 62.992, 41.338, 41.338, 270],
		[99, "H2_6", 55, 1655, "T", "DIP", "CHIP_PU", "", "C", 62.992, 62.992, 41.338, 41.338, 270],
		[100, "H2_6", 55, 1655, "B", "DIP", "CHIP_PU", "", "C", 62.992, 62.992, 41.338, 41.338, 270],
		[101, "H2_7", 55, 1555, "T", "DIP", "GPIO35", "", "C", 62.992, 62.992, 41.338, 41.338, 270],
		[102, "H2_7", 55, 1555, "B", "DIP", "GPIO35", "", "C", 62.992, 62.992, 41.338, 41.338, 270],
		[103, "H2_8", 55, 1455, "T", "DIP", "GPIO36", "", "C", 62.992, 62.992, 41.338, 41.338, 270],
		[104, "H2_8", 55, 1455, "B", "DIP", "GPIO36", "", "C", 62.992, 62.992, 41.338, 41.338, 270],
		[105, "H2_9", 55, 1355, "T", "DIP", "GPIO37", "", "C", 62.992, 62.992, 41.338, 41.338, 270],
		[106, "H2_9", 55, 1355, "B", "DIP", "GPIO37", "", "C", 62.992, 62.992, 41.338, 41.338, 270],
		[107, "H2_10", 55, 1255, "T", "DIP", "GPIO38", "", "C", 62.992, 62.992, 41.338, 41.338, 270],
		[108, "H2_10", 55, 1255, "B", "DIP", "GPIO38", "", "C", 62.992, 62.992, 41.338, 41.338, 270],
		[109, "H2_11", 55, 1155, "T", "DIP", "GPIO39", "", "C", 62.992, 62.992, 41.338, 41.338, 270],
		[110, "H2_11", 55, 1155, "B", "DIP", "GPIO39", "", "C", 62.992, 62.992, 41.338, 41.338, 270],
		[111, "H2_12", 55, 1055, "T", "DIP", "GPIO40", "", "C", 62.992, 62.992, 41.338, 41.338, 270],
		[112, "H2_12", 55, 1055, "B", "DIP", "GPIO40", "", "C", 62.992, 62.992, 41.338, 41.338, 270],
		[113, "H2_13", 55, 955, "T", "DIP", "GPIO41", "", "C", 62.992, 62.992, 41.338, 41.338, 270],
		[114, "H2_13", 55, 955, "B", "DIP", "GPIO41", "", "C", 62.992, 62.992, 41.338, 41.338, 270],
		[115, "H2_14", 55, 855, "T", "DIP", "GPIO42", "", "C", 62.992, 62.992, 41.338, 41.338, 270],
		[116, "H2_14", 55, 855, "B", "DIP", "GPIO42", "", "C", 62.992, 62.992, 41.338, 41.338, 270],
		[117, "H2_15", 55, 755, "T", "DIP", "U0TXD", "", "C", 62.992, 62.992, 41.338, 41.338, 270],
		[118, "H2_15", 55, 755, "B", "DIP", "U0TXD", "", "C", 62.992, 62.992, 41.338, 41.338, 270],
		[119, "H2_16", 55, 655, "T", "DIP", "U0RXD", "", "C", 62.992, 62.992, 41.338, 41.338, 270],
		[120, "H2_16", 55, 655, "B", "DIP", "U0RXD", "", "C", 62.992, 62.992, 41.338, 41.338, 270],
		[121, "H2_17", 55, 555, "T", "DIP", "GPIO45", "", "C", 62.992, 62.992, 41.338, 41.338, 270],
		[122, "H2_17", 55, 555, "B", "DIP", "GPIO45", "", "C", 62.992, 62.992, 41.338, 41.338, 270],
		[123, "H2_18", 55, 455, "T", "DIP", "GPIO46", "", "C", 62.992, 62.992, 41.338, 41.338, 270],
		[124, "H2_18", 55, 455, "B", "DIP", "GPIO46", "", "C", 62.992, 62.992, 41.338, 41.338, 270],
		[125, "H2_19", 55, 355, "T", "DIP", "GPIO47", "", "C", 62.992, 62.992, 41.338, 41.338, 270],
		[126, "H2_19", 55, 355, "B", "DIP", "GPIO47", "", "C", 62.992, 62.992, 41.338, 41.338, 270],
		[127, "H2_20", 55, 255, "T", "DIP", "GPIO48", "", "C", 62.992, 62.992, 41.338, 41.338, 270],
		[128, "H2_20", 55, 255, "B", "DIP", "GPIO48", "", "C", 62.992, 62.992, 41.338, 41.338, 270],
		[129, "H2_21", 55, 155, "T", "DIP", "GND", "GND", "C", 62.992, 62.992, 41.338, 41.338, 270],
		[130, "H2_21", 55, 155, "B", "DIP", "GND", "GND", "C", 62.992, 62.992, 41.338, 41.338, 270],
		[131, "H2_22", 55, 55, "T", "DIP", "GND", "GND", "C", 62.992, 62.992, 41.338, 41.338, 270],
		[132, "H2_22", 55, 55, "B", "DIP", "GND", "GND", "C", 62.992, 62.992, 41.338, 41.338, 270],
		[133, "JP1_1", 585, 34.985, "T", "SMD", "$1N2277", "", "R", 39.37, 41.339, 0, 0, 0],
		[134, "JP1_2", 526.93, 95.015, "T", "SMD", "GND", "GND", "R", 41.339, 86.614, 0, 0, 0],
		[135, "JP1_3", 643.07, 95.015, "T", "SMD", "GND", "GND", "R", 41.339, 86.614, 0, 0, 0],
		[136, "L1_1", 262.555, 35, "T", "SMD", "$1N2055", "", "R", 31.496, 34.016, 0, 0, 360],
		[137, "L1_2", 207.445, 35, "T", "SMD", "3V3", "", "R", 31.496, 34.016, 0, 0, 360],
		[138, "L2_1", 747.555, 220, "T", "SMD", "$1N2273", "", "R", 31.496, 34.016, 0, 0, 0],
		[139, "L2_2", 692.445, 220, "T", "SMD", "$1N2277", "", "R", 31.496, 34.016, 0, 0, 0],
		[140, "LED1_1", 589.865, 1714.488, "T", "SMD", "U0RXD", "", "R", 31.496, 31.496, 0, 0, 0],
		[141, "LED1_2", 590.135, 1655.512, "T", "SMD", "$1N22050", "", "R", 31.496, 31.496, 0, 0, 0],
		[142, "LED2_1", 499.86, 1714.488, "T", "SMD", "U0TXD", "", "R", 31.496, 31.496, 0, 0, 0],
		[143, "LED2_2", 500.14, 1655.512, "T", "SMD", "$1N22092", "", "R", 31.496, 31.496, 0, 0, 0],
		[144, "LED3_1", 875.95, 1506.575, "T", "SMD", "3V3", "", "R", 59.055, 39.37, 0, 0, 90],
		[145, "LED3_2", 994.05, 1506.575, "T", "SMD", "NET_1", "", "R", 59.055, 39.37, 0, 0, 90],
		[146, "LED3_3", 994.05, 1703.425, "T", "SMD", "GND", "GND", "R", 59.055, 39.37, 0, 0, 90],
		[147, "LED3_4", 875.95, 1703.425, "T", "SMD", "$1N14303", "", "R", 59.055, 39.37, 0, 0, 90],
		[148, "LED4_1", 714.86, 1714.488, "T", "SMD", "GND", "GND", "R", 31.496, 31.496, 0, 0, 0],
		[149, "LED4_2", 715.14, 1655.512, "T", "SMD", "3V3", "", "R", 31.496, 31.496, 0, 0, 0],
		[150, "Q1_1", 422.4, 1059.2, "T", "SMD", "$1N14574", "", "R", 27.559, 49.213, 0, 0, 0],
		[151, "Q1_2", 347.6, 1059.2, "T", "SMD", "RTS", "", "R", 27.559, 49.213, 0, 0, 0],
		[152, "Q1_3", 385, 960.8, "T", "SMD", "CHIP_PU", "", "R", 27.559, 49.213, 0, 0, 0],
		[153, "Q2_1", 567.4, 1064.2, "T", "SMD", "$1N14579", "", "R", 27.559, 49.213, 0, 0, 0],
		[154, "Q2_2", 492.6, 1064.2, "T", "SMD", "GPIO00", "", "R", 27.559, 49.213, 0, 0, 0],
		[155, "Q2_3", 530, 965.8, "T", "SMD", "DTR", "", "R", 27.559, 49.213, 0, 0, 0],
		[156, "R8_1", 345.9349, 852.7209, "T", "SMD", "$1N4558", "", "R", 31.751, 34.016, 0, 0, 310],
		[157, "R8_2", 384.0651, 807.2791, "T", "SMD", "U0TXD", "", "R", 31.751, 34.016, 0, 0, 310],
		[158, "R14_1", 185.34, 800, "T", "SMD", "+5V", "", "R", 31.751, 34.016, 0, 0, 0],
		[159, "R14_2", 244.66, 800, "T", "SMD", "VBUSB", "", "R", 31.751, 34.016, 0, 0, 0],
		[160, "R18_1", 510, 1135.34, "T", "SMD", "DTR", "", "R", 31.751, 34.016, 0, 0, 90],
		[161, "R18_2", 510, 1194.66, "T", "SMD", "$1N14574", "", "R", 31.751, 34.016, 0, 0, 90],
		[162, "R19_1", 590, 1194.66, "T", "SMD", "RTS", "", "R", 31.751, 34.016, 0, 0, 270],
		[163, "R19_2", 590, 1135.34, "T", "SMD", "$1N14579", "", "R", 31.751, 34.016, 0, 0, 270],
		[164, "R23_1", 285, 137.96, "T", "SMD", "$1N21353", "", "R", 22.27, 21.26, 0, 0, 90],
		[165, "R23_2", 285, 172.04, "T", "SMD", "SPIHD", "", "R", 22.27, 21.26, 0, 0, 90],
		[166, "R24_1", 235, 597.04, "T", "SMD", "$1N21395", "", "R", 22.27, 21.26, 0, 0, 270],
		[167, "R24_2", 235, 562.96, "T", "SMD", "SPIWP", "", "R", 22.27, 21.26, 0, 0, 270],
		[168, "R25_1", 235, 137.96, "T", "SMD", "$1N21437", "", "R", 22.27, 21.26, 0, 0, 90],
		[169, "R25_2", 235, 172.04, "T", "SMD", "SPICLK", "", "R", 22.27, 21.26, 0, 0, 90],
		[170, "R26_1", 285, 597.04, "T", "SMD", "$1N21479", "", "R", 22.27, 21.26, 0, 0, 270],
		[171, "R26_2", 285, 562.96, "T", "SMD", "SPIQ", "", "R", 22.27, 21.26, 0, 0, 270],
		[172, "R27_1", 185, 137.96, "T", "SMD", "$1N21521", "", "R", 22.27, 21.26, 0, 0, 90],
		[173, "R27_2", 185, 172.04, "T", "SMD", "SPID", "", "R", 22.27, 21.26, 0, 0, 90],
		[174, "R28_1", 832.96, 555, "T", "SMD", "$1N4206", "", "R", 22.27, 21.26, 0, 0, 0],
		[175, "R28_2", 867.04, 555, "T", "SMD", "$1N4327", "", "R", 22.27, 21.26, 0, 0, 0],
		[176, "R29_1", 385, 1790.34, "T", "SMD", "$1N7702", "", "R", 31.751, 34.016, 0, 0, 90],
		[177, "R29_2", 385, 1849.66, "T", "SMD", "GND", "GND", "R", 31.751, 34.016, 0, 0, 90],
		[178, "R30_1", 585, 1790.34, "T", "SMD", "GND", "GND", "R", 31.751, 34.016, 0, 0, 90],
		[179, "R30_2", 585, 1849.66, "T", "SMD", "$1N8599", "", "R", 31.751, 34.016, 0, 0, 90],
		[180, "R31_1", 845.34, 1855, "T", "SMD", "$1N8597", "", "R", 31.751, 34.016, 0, 0, 0],
		[181, "R31_2", 904.66, 1855, "T", "SMD", "GND", "GND", "R", 31.751, 34.016, 0, 0, 0],
		[182, "R32_1", 190.34, 1830, "T", "SMD", "GND", "GND", "R", 31.751, 34.016, 0, 0, 0],
		[183, "R32_2", 249.66, 1830, "T", "SMD", "$1N7752", "", "R", 31.751, 34.016, 0, 0, 0],
		[184, "R33_1", 210.34, 690, "T", "SMD", "GPIO00", "", "R", 31.751, 34.016, 0, 0, 0],
		[185, "R33_2", 269.66, 690, "T", "SMD", "3V3", "", "R", 31.751, 34.016, 0, 0, 0],
		[186, "R34_1", 244.66, 920, "T", "SMD", "3V3", "", "R", 31.751, 34.016, 0, 0, 180],
		[187, "R34_2", 185.34, 920, "T", "SMD", "CHIP_PU", "", "R", 31.751, 34.016, 0, 0, 180],
		[188, "R35_1", 817.96, 1755, "T", "SMD", "GPIO48", "", "R", 22.27, 21.26, 0, 0, 360],
		[189, "R35_2", 852.04, 1755, "T", "SMD", "$1N14303", "", "R", 22.27, 21.26, 0, 0, 360],
		[190, "R36_1", 590, 1587.04, "T", "SMD", "$1N22050", "", "R", 22.27, 21.26, 0, 0, 270],
		[191, "R36_2", 590, 1552.96, "T", "SMD", "3V3", "", "R", 22.27, 21.26, 0, 0, 270],
		[192, "R37_1", 500, 1592.04, "T", "SMD", "$1N22092", "", "R", 22.27, 21.26, 0, 0, 270],
		[193, "R37_2", 500, 1557.96, "T", "SMD", "3V3", "", "R", 22.27, 21.26, 0, 0, 270],
		[194, "SW1_1", 178.98, 1490, "T", "SMD", "GPIO00", "", "R", 48.425, 73.228, 0, 0, 0],
		[195, "SW1_2", 351.02, 1490, "T", "SMD", "GND", "GND", "R", 48.425, 73.228, 0, 0, 0],
		[196, "SW2_1", 178.98, 1685, "T", "SMD", "CHIP_PU", "", "R", 48.425, 73.228, 0, 0, 0],
		[197, "SW2_2", 351.02, 1685, "T", "SMD", "GND", "GND", "R", 48.425, 73.228, 0, 0, 0],
		[198, "U1_1", 637.4789, 547.7551, "T", "SMD", "$1N2273", "", "R", 26.181, 7.874, 0, 0, 135],
		[199, "U1_2", 648.6159, 558.892, "T", "SMD", "$1N2055", "", "R", 26.181, 7.874, 0, 0, 135],
		[200, "U1_3", 659.7528, 570.029, "T", "SMD", "$1N2055", "", "R", 26.181, 7.874, 0, 0, 135],
		[201, "U1_4", 670.8826, 581.1588, "T", "SMD", "CHIP_PU", "", "R", 26.181, 7.874, 0, 0, 135],
		[202, "U1_5", 682.0196, 592.2958, "T", "SMD", "GPIO00", "", "R", 26.181, 7.874, 0, 0, 135],
		[203, "U1_6", 693.1565, 603.4327, "T", "SMD", "GPIO01", "", "R", 26.181, 7.874, 0, 0, 135],
		[204, "U1_7", 704.2934, 614.5696, "T", "SMD", "GPIO02", "", "R", 26.181, 7.874, 0, 0, 135],
		[205, "U1_8", 715.4304, 625.7066, "T", "SMD", "GPIO03", "", "R", 26.181, 7.874, 0, 0, 135],
		[206, "U1_9", 726.5602, 636.8364, "T", "SMD", "GPIO04", "", "R", 26.181, 7.874, 0, 0, 135],
		[207, "U1_10", 737.6972, 647.9733, "T", "SMD", "GPIO05", "", "R", 26.181, 7.874, 0, 0, 135],
		[208, "U1_11", 748.8341, 659.1103, "T", "SMD", "GPIO06", "", "R", 26.181, 7.874, 0, 0, 135],
		[209, "U1_12", 759.971, 670.2472, "T", "SMD", "GPIO07", "", "R", 26.181, 7.874, 0, 0, 135],
		[210, "U1_13", 771.108, 681.3841, "T", "SMD", "GPIO08", "", "R", 26.181, 7.874, 0, 0, 135],
		[211, "U1_14", 782.2378, 692.514, "T", "SMD", "GPIO09", "", "R", 26.181, 7.874, 0, 0, 135],
		[212, "U1_15", 782.2378, 737.486, "T", "SMD", "GPIO010", "", "R", 7.874, 26.181, 0, 0, 135],
		[213, "U1_16", 771.108, 748.6159, "T", "SMD", "GPIO011", "", "R", 7.874, 26.181, 0, 0, 135],
		[214, "U1_17", 759.971, 759.7528, "T", "SMD", "GPIO012", "", "R", 7.874, 26.181, 0, 0, 135],
		[215, "U1_18", 748.8341, 770.8897, "T", "SMD", "GPIO013", "", "R", 7.874, 26.181, 0, 0, 135],
		[216, "U1_19", 737.6972, 782.0267, "T", "SMD", "GPIO014", "", "R", 7.874, 26.181, 0, 0, 135],
		[217, "U1_20", 726.5602, 793.1636, "T", "SMD", "3V3", "", "R", 7.874, 26.181, 0, 0, 135],
		[218, "U1_21", 715.4304, 804.2934, "T", "SMD", "GPIO15", "", "R", 7.874, 26.181, 0, 0, 135],
		[219, "U1_22", 704.2934, 815.4304, "T", "SMD", "GPIO16", "", "R", 7.874, 26.181, 0, 0, 135],
		[220, "U1_23", 693.1565, 826.5673, "T", "SMD", "GPIO17", "", "R", 7.874, 26.181, 0, 0, 135],
		[221, "U1_24", 682.0196, 837.7042, "T", "SMD", "GPIO18", "", "R", 7.874, 26.181, 0, 0, 135],
		[222, "U1_25", 670.8826, 848.8412, "T", "SMD", "GPIO19", "", "R", 7.874, 26.181, 0, 0, 135],
		[223, "U1_26", 659.7528, 859.971, "T", "SMD", "GPIO20", "", "R", 7.874, 26.181, 0, 0, 135],
		[224, "U1_27", 648.6159, 871.108, "T", "SMD", "GPIO21", "", "R", 7.874, 26.181, 0, 0, 135],
		[225, "U1_28", 637.4789, 882.2449, "T", "SMD", "NET_2", "", "R", 7.874, 26.181, 0, 0, 135],
		[226, "U1_29", 592.514, 882.2378, "T", "SMD", "VDD_SPI", "", "R", 26.181, 7.874, 0, 0, 135],
		[227, "U1_30", 581.3841, 871.108, "T", "SMD", "$1N21353", "", "R", 26.181, 7.874, 0, 0, 135],
		[228, "U1_31", 570.2472, 859.971, "T", "SMD", "$1N21395", "", "R", 26.181, 7.874, 0, 0, 135],
		[229, "U1_32", 559.1103, 848.8341, "T", "SMD", "SPICS0", "", "R", 26.181, 7.874, 0, 0, 135],
		[230, "U1_33", 547.9733, 837.6972, "T", "SMD", "$1N21437", "", "R", 26.181, 7.874, 0, 0, 135],
		[231, "U1_34", 536.8364, 826.5602, "T", "SMD", "$1N21479", "", "R", 26.181, 7.874, 0, 0, 135],
		[232, "U1_35", 525.7066, 815.4304, "T", "SMD", "$1N21521", "", "R", 26.181, 7.874, 0, 0, 135],
		[233, "U1_36", 514.5696, 804.2934, "T", "SMD", "GPIO48", "", "R", 26.181, 7.874, 0, 0, 135],
		[234, "U1_37", 503.4327, 793.1565, "T", "SMD", "GPIO47", "", "R", 26.181, 7.874, 0, 0, 135],
		[235, "U1_38", 492.2958, 782.0196, "T", "SMD", "NET_3", "", "R", 26.181, 7.874, 0, 0, 135],
		[236, "U1_39", 481.1588, 770.8826, "T", "SMD", "NET_4", "", "R", 26.181, 7.874, 0, 0, 135],
		[237, "U1_40", 470.029, 759.7528, "T", "SMD", "GPIO35", "", "R", 26.181, 7.874, 0, 0, 135],
		[238, "U1_41", 458.892, 748.6159, "T", "SMD", "GPIO36", "", "R", 26.181, 7.874, 0, 0, 135],
		[239, "U1_42", 447.7551, 737.4789, "T", "SMD", "GPIO37", "", "R", 26.181, 7.874, 0, 0, 135],
		[240, "U1_43", 447.7551, 692.5211, "T", "SMD", "GPIO38", "", "R", 7.874, 26.181, 0, 0, 135],
		[241, "U1_44", 458.892, 681.3841, "T", "SMD", "GPIO39", "", "R", 7.874, 26.181, 0, 0, 135],
		[242, "U1_45", 470.029, 670.2472, "T", "SMD", "GPIO40", "", "R", 7.874, 26.181, 0, 0, 135],
		[243, "U1_46", 481.1588, 659.1174, "T", "SMD", "3V3", "", "R", 7.874, 26.181, 0, 0, 135],
		[244, "U1_47", 492.2958, 647.9804, "T", "SMD", "GPIO41", "", "R", 7.874, 26.181, 0, 0, 135],
		[245, "U1_48", 503.4327, 636.8435, "T", "SMD", "GPIO42", "", "R", 7.874, 26.181, 0, 0, 135],
		[246, "U1_49", 514.5696, 625.7066, "T", "SMD", "$1N4558", "", "R", 7.874, 26.181, 0, 0, 135],
		[247, "U1_50", 525.7066, 614.5696, "T", "SMD", "U0RXD", "", "R", 7.874, 26.181, 0, 0, 135],
		[248, "U1_51", 536.8364, 603.4398, "T", "SMD", "GPIO45", "", "R", 7.874, 26.181, 0, 0, 135],
		[249, "U1_52", 547.9733, 592.3028, "T", "SMD", "GPIO46", "", "R", 7.874, 26.181, 0, 0, 135],
		[250, "U1_53", 559.1103, 581.1659, "T", "SMD", "$1N4460", "", "R", 7.874, 26.181, 0, 0, 135],
		[251, "U1_54", 570.2472, 570.029, "T", "SMD", "$1N4206", "", "R", 7.874, 26.181, 0, 0, 135],
		[252, "U1_55", 581.3841, 558.892, "T", "SMD", "3V3", "", "R", 7.874, 26.181, 0, 0, 135],
		[253, "U1_56", 592.514, 547.7622, "T", "SMD", "3V3", "", "R", 7.874, 26.181, 0, 0, 135],
		[254, "U1_57", 614.9929, 715, "T", "SMD", "GND", "GND", "R", 157.48, 157.48, 0, 0, 135],
		[255, "U4_1", 335, 504.46, "T", "SMD", "SPICS0", "", "O", 23.976, 86.791, 0, 0, 180],
		[256, "U4_2", 285, 504.46, "T", "SMD", "SPIQ", "", "O", 23.976, 86.791, 0, 0, 180],
		[257, "U4_3", 235, 504.46, "T", "SMD", "SPIWP", "", "O", 23.976, 86.791, 0, 0, 180],
		[258, "U4_4", 185, 504.46, "T", "SMD", "GND", "GND", "O", 23.976, 86.791, 0, 0, 180],
		[259, "U4_5", 185, 225.54, "T", "SMD", "SPID", "", "O", 23.976, 86.791, 0, 0, 180],
		[260, "U4_6", 235, 225.54, "T", "SMD", "SPICLK", "", "O", 23.976, 86.791, 0, 0, 180],
		[261, "U4_7", 285, 225.54, "T", "SMD", "SPIHD", "", "O", 23.976, 86.791, 0, 0, 180],
		[262, "U4_8", 335, 225.54, "T", "SMD", "VDD_SPI", "", "O", 23.976, 86.791, 0, 0, 180],
		[263, "U5_12", 520.075, 1938.83, "T", "DIP", "GND", "GND", "O", 39.37, 82.677, 23.622, 66.929, 180],
		[264, "U5_12", 520.075, 1938.83, "B", "DIP", "GND", "GND", "O", 39.37, 82.677, 23.622, 66.929, 180],
		[265, "U5_13", 179.925, 1938.83, "T", "DIP", "GND", "GND", "O", 39.37, 82.677, 23.622, 66.929, 180],
		[266, "U5_13", 179.925, 1938.83, "B", "DIP", "GND", "GND", "O", 39.37, 82.677, 23.622, 66.929, 180],
		[267, "U5_14", 520.075, 2103.4, "T", "DIP", "GND", "GND", "O", 39.37, 70.866, 23.622, 55.118, 180],
		[268, "U5_14", 520.075, 2103.4, "B", "DIP", "GND", "GND", "O", 39.37, 70.866, 23.622, 55.118, 180],
		[269, "U5_15", 179.925, 2103.4, "T", "DIP", "GND", "GND", "O", 39.37, 70.866, 23.622, 55.118, 180],
		[270, "U5_15", 179.925, 2103.4, "B", "DIP", "GND", "GND", "O", 39.37, 70.866, 23.622, 55.118, 180],
		[271, "U5_A12B1", 224.015, 1916.6, "T", "SMD", "GND", "GND", "R", 23.622, 45.276, 0, 0, 180],
		[272, "U5_A1B12", 475.985, 1916.6, "T", "SMD", "GND", "GND", "R", 23.622, 45.276, 0, 0, 180],
		[273, "U5_A4B9", 444.485, 1916.6, "T", "SMD", "VBUSB", "", "R", 23.622, 45.276, 0, 0, 180],
		[274, "U5_A5", 399.205, 1916.6, "T", "SMD", "$1N7702", "", "R", 11.811, 45.276, 0, 0, 180],
		[275, "U5_A6", 359.835, 1916.6, "T", "SMD", "D+", "", "R", 11.811, 45.276, 0, 0, 180],
		[276, "U5_A7", 340.155, 1916.6, "T", "SMD", "D-", "", "R", 11.811, 45.276, 0, 0, 180],
		[277, "U5_A8", 300.785, 1916.6, "T", "SMD", "NET_5", "", "R", 11.811, 45.276, 0, 0, 180],
		[278, "U5_A9B4", 255.515, 1916.6, "T", "SMD", "VBUSB", "", "R", 23.622, 45.276, 0, 0, 180],
		[279, "U5_B5", 281.095, 1916.6, "T", "SMD", "$1N7752", "", "R", 11.811, 45.276, 0, 0, 180],
		[280, "U5_B6", 320.465, 1916.6, "T", "SMD", "D+", "", "R", 11.811, 45.276, 0, 0, 180],
		[281, "U5_B7", 379.525, 1916.6, "T", "SMD", "D-", "", "R", 11.811, 45.276, 0, 0, 180],
		[282, "U5_B8", 418.895, 1916.6, "T", "SMD", "NET_6", "", "R", 11.811, 45.276, 0, 0, 180],
		[283, "U6_12", 1000.075, 1938.83, "T", "DIP", "GND", "GND", "O", 39.37, 82.677, 23.622, 66.929, 180],
		[284, "U6_12", 1000.075, 1938.83, "B", "DIP", "GND", "GND", "O", 39.37, 82.677, 23.622, 66.929, 180],
		[285, "U6_13", 659.925, 1938.83, "T", "DIP", "GND", "GND", "O", 39.37, 82.677, 23.622, 66.929, 180],
		[286, "U6_13", 659.925, 1938.83, "B", "DIP", "GND", "GND", "O", 39.37, 82.677, 23.622, 66.929, 180],
		[287, "U6_14", 1000.075, 2103.4, "T", "DIP", "GND", "GND", "O", 39.37, 70.866, 23.622, 55.118, 180],
		[288, "U6_14", 1000.075, 2103.4, "B", "DIP", "GND", "GND", "O", 39.37, 70.866, 23.622, 55.118, 180],
		[289, "U6_15", 659.925, 2103.4, "T", "DIP", "GND", "GND", "O", 39.37, 70.866, 23.622, 55.118, 180],
		[290, "U6_15", 659.925, 2103.4, "B", "DIP", "GND", "GND", "O", 39.37, 70.866, 23.622, 55.118, 180],
		[291, "U6_A12B1", 704.015, 1916.6, "T", "SMD", "GND", "GND", "R", 23.622, 45.276, 0, 0, 180],
		[292, "U6_A1B12", 955.985, 1916.6, "T", "SMD", "GND", "GND", "R", 23.622, 45.276, 0, 0, 180],
		[293, "U6_A4B9", 924.485, 1916.6, "T", "SMD", "VBUSB", "", "R", 23.622, 45.276, 0, 0, 180],
		[294, "U6_A5", 879.205, 1916.6, "T", "SMD", "$1N8597", "", "R", 11.811, 45.276, 0, 0, 180],
		[295, "U6_A6", 839.835, 1916.6, "T", "SMD", "GPIO20", "", "R", 11.811, 45.276, 0, 0, 180],
		[296, "U6_A7", 820.155, 1916.6, "T", "SMD", "GPIO19", "", "R", 11.811, 45.276, 0, 0, 180],
		[297, "U6_A8", 780.785, 1916.6, "T", "SMD", "NET_7", "", "R", 11.811, 45.276, 0, 0, 180],
		[298, "U6_A9B4", 735.515, 1916.6, "T", "SMD", "VBUSB", "", "R", 23.622, 45.276, 0, 0, 180],
		[299, "U6_B5", 761.095, 1916.6, "T", "SMD", "$1N8599", "", "R", 11.811, 45.276, 0, 0, 180],
		[300, "U6_B6", 800.465, 1916.6, "T", "SMD", "D+", "", "R", 11.811, 45.276, 0, 0, 180],
		[301, "U6_B7", 859.525, 1916.6, "T", "SMD", "D-", "", "R", 11.811, 45.276, 0, 0, 180],
		[302, "U6_B8", 898.895, 1916.6, "T", "SMD", "NET_8", "", "R", 11.811, 45.276, 0, 0, 180],
		[303, "U7_1", 206.844, 1176.269, "T", "SMD", "3V3", "", "R", 9.843, 29.528, 0, 0, 0],
		[304, "U7_2", 226.524, 1176.269, "T", "SMD", "GND", "GND", "R", 9.843, 29.528, 0, 0, 0],
		[305, "U7_3", 246.214, 1176.269, "T", "SMD", "VBUSB", "", "R", 9.843, 29.528, 0, 0, 0],
		[306, "U7_4", 265.894, 1176.259, "T", "SMD", "U0RXD", "", "R", 9.843, 29.528, 0, 0, 0],
		[307, "U7_5", 293.394, 1203.829, "T", "SMD", "U0TXD", "", "R", 29.528, 9.843, 0, 0, 0],
		[308, "U7_6", 293.394, 1223.509, "T", "SMD", "$1N11135", "", "R", 29.528, 9.843, 0, 0, 0],
		[309, "U7_7", 293.394, 1243.199, "T", "SMD", "D+", "", "R", 29.528, 9.843, 0, 0, 0],
		[310, "U7_8", 293.394, 1262.879, "T", "SMD", "D-", "", "R", 29.528, 9.843, 0, 0, 0],
		[311, "U7_9", 265.834, 1290.439, "T", "SMD", "VBUSB", "", "R", 9.843, 29.528, 0, 0, 0],
		[312, "U7_10", 246.154, 1290.439, "T", "SMD", "NET_9", "", "R", 9.843, 29.528, 0, 0, 0],
		[313, "U7_11", 226.464, 1290.439, "T", "SMD", "NET_10", "", "R", 9.843, 29.528, 0, 0, 0],
		[314, "U7_12", 206.814, 1290.439, "T", "SMD", "DTR", "", "R", 9.843, 29.528, 0, 0, 0],
		[315, "U7_13", 179.224, 1262.879, "T", "SMD", "RTS", "", "R", 29.528, 9.843, 0, 0, 0],
		[316, "U7_14", 179.224, 1243.199, "T", "SMD", "NET_11", "", "R", 29.528, 9.843, 0, 0, 0],
		[317, "U7_15", 179.224, 1223.509, "T", "SMD", "NET_12", "", "R", 29.528, 9.843, 0, 0, 0],
		[318, "U7_16", 179.224, 1203.829, "T", "SMD", "NET_13", "", "R", 29.528, 9.843, 0, 0, 0],
		[319, "U7_17", 236.324, 1233.349, "T", "SMD", "GND", "GND", "R", 66.929, 66.929, 0, 0, 0],
		[320, "U8_1", 829.45, 1047.5, "T", "SMD", "GND", "GND", "R", 97.047, 41.339, 0, 0, 270],
		[321, "U8_2", 920, 1047.5, "T", "SMD", "3V3", "", "R", 97.047, 41.339, 0, 0, 270],
		[322, "U8_3", 1010.55, 1047.5, "T", "SMD", "+5V", "", "R", 97.047, 41.339, 0, 0, 270],
		[323, "U8_4", 920, 1272.5, "T", "SMD", "3V3", "", "R", 97.047, 139.37, 0, 0, 270],
		[324, "X1_1", 906.69, 751.535, "T", "SMD", "$1N4327", "", "R", 55.118, 47.244, 0, 0, 0],
		[325, "X1_2", 993.31, 751.535, "T", "SMD", "GND", "GND", "R", 55.118, 47.244, 0, 0, 0],
		[326, "X1_3", 993.31, 818.465, "T", "SMD", "$1N4460", "", "R", 55.118, 47.244, 0, 0, 0],
		[327, "X1_4", 906.69, 818.465, "T", "SMD", "GND", "GND", "R", 55.118, 47.244, 0, 0, 0],
		[328, "PAD1_2", 377.56, 1365, "T", "SMD", "GND", "GND", "R", 31.496, 35.433, 0, 0, 0],
		[329, "PAD2_1", 322.44, 1365, "T", "SMD", "3V3", "", "R", 31.496, 35.433, 0, 0, 0],
		[330, "PAD3_2", 825, 502.44, "T", "SMD", "3V3", "", "R", 31.496, 31.496, 0, 0, 90],
		[331, "PAD4_1", 825, 407.56, "T", "SMD", "GND", "GND", "R", 31.496, 31.496, 0, 0, 90],
		[332, "PAD5_2", 989.961, 1400, "T", "SMD", "VBUSB", "", "R", 39.37, 47.244, 0, 0, 0],
		[333, "PAD6_1", 860.039, 1400, "T", "SMD", "+5V", "", "R", 39.37, 47.244, 0, 0, 0],
		[334, "PAD7_2", 800, 1449.961, "T", "SMD", "VBUSB", "", "R", 39.37, 47.244, 0, 0, 90],
		[335, "PAD8_1", 800, 1320.039, "T", "SMD", "+5V", "", "R", 39.37, 47.244, 0, 0, 90],
		[336, "PAD9_1", 1125, 55, "T", "DIP", "GND", "GND", "R", 62.992, 62.992, 41.338, 41.338, 90],
		[337, "PAD9_1", 1125, 55, "B", "DIP", "GND", "GND", "R", 62.992, 62.992, 41.338, 41.338, 90],
		[338, "PAD10_2", 1125, 155, "T", "DIP", "GPIO01", "", "C", 62.992, 62.992, 41.338, 41.338, 90],
		[339, "PAD10_2", 1125, 155, "B", "DIP", "GPIO01", "", "C", 62.992, 62.992, 41.338, 41.338, 90],
		[340, "PAD11_3", 1125, 255, "T", "DIP", "GPIO02", "", "C", 62.992, 62.992, 41.338, 41.338, 90],
		[341, "PAD11_3", 1125, 255, "B", "DIP", "GPIO02", "", "C", 62.992, 62.992, 41.338, 41.338, 90],
		[342, "PAD12_4", 1125, 355, "T", "DIP", "GPIO03", "", "C", 62.992, 62.992, 41.338, 41.338, 90],
		[343, "PAD12_4", 1125, 355, "B", "DIP", "GPIO03", "", "C", 62.992, 62.992, 41.338, 41.338, 90],
		[344, "PAD13_5", 1125, 455, "T", "DIP", "GPIO04", "", "C", 62.992, 62.992, 41.338, 41.338, 90],
		[345, "PAD13_5", 1125, 455, "B", "DIP", "GPIO04", "", "C", 62.992, 62.992, 41.338, 41.338, 90],
		[346, "PAD14_6", 1125, 555, "T", "DIP", "GPIO05", "", "C", 62.992, 62.992, 41.338, 41.338, 90],
		[347, "PAD14_6", 1125, 555, "B", "DIP", "GPIO05", "", "C", 62.992, 62.992, 41.338, 41.338, 90],
		[348, "PAD15_7", 1125, 655, "T", "DIP", "GPIO06", "", "C", 62.992, 62.992, 41.338, 41.338, 90],
		[349, "PAD15_7", 1125, 655, "B", "DIP", "GPIO06", "", "C", 62.992, 62.992, 41.338, 41.338, 90],
		[350, "PAD16_8", 1125, 755, "T", "DIP", "GPIO07", "", "C", 62.992, 62.992, 41.338, 41.338, 90],
		[351, "PAD16_8", 1125, 755, "B", "DIP", "GPIO07", "", "C", 62.992, 62.992, 41.338, 41.338, 90],
		[352, "PAD17_9", 1125, 855, "T", "DIP", "GPIO08", "", "C", 62.992, 62.992, 41.338, 41.338, 90],
		[353, "PAD17_9", 1125, 855, "B", "DIP", "GPIO08", "", "C", 62.992, 62.992, 41.338, 41.338, 90],
		[354, "PAD18_10", 1125, 955, "T", "DIP", "GPIO09", "", "C", 62.992, 62.992, 41.338, 41.338, 90],
		[355, "PAD18_10", 1125, 955, "B", "DIP", "GPIO09", "", "C", 62.992, 62.992, 41.338, 41.338, 90],
		[356, "PAD19_11", 1125, 1055, "T", "DIP", "GPIO010", "", "C", 62.992, 62.992, 41.338, 41.338, 90],
		[357, "PAD19_11", 1125, 1055, "B", "DIP", "GPIO010", "", "C", 62.992, 62.992, 41.338, 41.338, 90],
		[358, "PAD20_12", 1125, 1155, "T", "DIP", "GPIO011", "", "C", 62.992, 62.992, 41.338, 41.338, 90],
		[359, "PAD20_12", 1125, 1155, "B", "DIP", "GPIO011", "", "C", 62.992, 62.992, 41.338, 41.338, 90],
		[360, "PAD21_13", 1125, 1255, "T", "DIP", "GPIO012", "", "C", 62.992, 62.992, 41.338, 41.338, 90],
		[361, "PAD21_13", 1125, 1255, "B", "DIP", "GPIO012", "", "C", 62.992, 62.992, 41.338, 41.338, 90],
		[362, "PAD22_14", 1125, 1355, "T", "DIP", "GPIO013", "", "C", 62.992, 62.992, 41.338, 41.338, 90],
		[363, "PAD22_14", 1125, 1355, "B", "DIP", "GPIO013", "", "C", 62.992, 62.992, 41.338, 41.338, 90],
		[364, "PAD23_15", 1125, 1455, "T", "DIP", "GPIO014", "", "C", 62.992, 62.992, 41.338, 41.338, 90],
		[365, "PAD23_15", 1125, 1455, "B", "DIP", "GPIO014", "", "C", 62.992, 62.992, 41.338, 41.338, 90],
		[366, "PAD24_16", 1125, 1555, "T", "DIP", "GPIO15", "", "C", 62.992, 62.992, 41.338, 41.338, 90],
		[367, "PAD24_16", 1125, 1555, "B", "DIP", "GPIO15", "", "C", 62.992, 62.992, 41.338, 41.338, 90],
		[368, "PAD25_17", 1125, 1655, "T", "DIP", "GPIO16", "", "C", 62.992, 62.992, 41.338, 41.338, 90],
		[369, "PAD25_17", 1125, 1655, "B", "DIP", "GPIO16", "", "C", 62.992, 62.992, 41.338, 41.338, 90],
		[370, "PAD26_18", 1125, 1755, "T", "DIP", "GPIO17", "", "C", 62.992, 62.992, 41.338, 41.338, 90],
		[371, "PAD26_18", 1125, 1755, "B", "DIP", "GPIO17", "", "C", 62.992, 62.992, 41.338, 41.338, 90],
		[372, "PAD27_19", 1125, 1855, "T", "DIP", "GPIO18", "", "C", 62.992, 62.992, 41.338, 41.338, 90],
		[373, "PAD27_19", 1125, 1855, "B", "DIP", "GPIO18", "", "C", 62.992, 62.992, 41.338, 41.338, 90],
		[374, "PAD28_20", 1125, 1955, "T", "DIP", "GPIO19", "", "C", 62.992, 62.992, 41.338, 41.338, 90],
		[375, "PAD28_20", 1125, 1955, "B", "DIP", "GPIO19", "", "C", 62.992, 62.992, 41.338, 41.338, 90],
		[376, "PAD29_21", 1125, 2055, "T", "DIP", "GPIO20", "", "C", 62.992, 62.992, 41.338, 41.338, 90],
		[377, "PAD29_21", 1125, 2055, "B", "DIP", "GPIO20", "", "C", 62.992, 62.992, 41.338, 41.338, 90],
		[378, "PAD30_22", 1125, 2155, "T", "DIP", "GPIO21", "", "C", 62.992, 62.992, 41.338, 41.338, 90],
		[379, "PAD30_22", 1125, 2155, "B", "DIP", "GPIO21", "", "C", 62.992, 62.992, 41.338, 41.338, 90],
		[380, "PAD31_1", 55, 2155, "T", "DIP", "+5V", "", "R", 62.992, 62.992, 41.338, 41.338, 270],
		[381, "PAD31_1", 55, 2155, "B", "DIP", "+5V", "", "R", 62.992, 62.992, 41.338, 41.338, 270],
		[382, "PAD32_2", 55, 2055, "T", "DIP", "+5V", "", "C", 62.992, 62.992, 41.338, 41.338, 270],
		[383, "PAD32_2", 55, 2055, "B", "DIP", "+5V", "", "C", 62.992, 62.992, 41.338, 41.338, 270],
		[384, "PAD33_3", 55, 1955, "T", "DIP", "3V3", "", "C", 62.992, 62.992, 41.338, 41.338, 270],
		[385, "PAD33_3", 55, 1955, "B", "DIP", "3V3", "", "C", 62.992, 62.992, 41.338, 41.338, 270],
		[386, "PAD34_4", 55, 1855, "T", "DIP", "3V3", "", "C", 62.992, 62.992, 41.338, 41.338, 270],
		[387, "PAD34_4", 55, 1855, "B", "DIP", "3V3", "", "C", 62.992, 62.992, 41.338, 41.338, 270],
		[388, "PAD35_5", 55, 1755, "T", "DIP", "GPIO00", "", "C", 62.992, 62.992, 41.338, 41.338, 270],
		[389, "PAD35_5", 55, 1755, "B", "DIP", "GPIO00", "", "C", 62.992, 62.992, 41.338, 41.338, 270],
		[390, "PAD36_6", 55, 1655, "T", "DIP", "CHIP_PU", "", "C", 62.992, 62.992, 41.338, 41.338, 270],
		[391, "PAD36_6", 55, 1655, "B", "DIP", "CHIP_PU", "", "C", 62.992, 62.992, 41.338, 41.338, 270],
		[392, "PAD37_7", 55, 1555, "T", "DIP", "GPIO35", "", "C", 62.992, 62.992, 41.338, 41.338, 270],
		[393, "PAD37_7", 55, 1555, "B", "DIP", "GPIO35", "", "C", 62.992, 62.992, 41.338, 41.338, 270],
		[394, "PAD38_8", 55, 1455, "T", "DIP", "GPIO36", "", "C", 62.992, 62.992, 41.338, 41.338, 270],
		[395, "PAD38_8", 55, 1455, "B", "DIP", "GPIO36", "", "C", 62.992, 62.992, 41.338, 41.338, 270],
		[396, "PAD39_9", 55, 1355, "T", "DIP", "GPIO37", "", "C", 62.992, 62.992, 41.338, 41.338, 270],
		[397, "PAD39_9", 55, 1355, "B", "DIP", "GPIO37", "", "C", 62.992, 62.992, 41.338, 41.338, 270],
		[398, "PAD40_10", 55, 1255, "T", "DIP", "GPIO38", "", "C", 62.992, 62.992, 41.338, 41.338, 270],
		[399, "PAD40_10", 55, 1255, "B", "DIP", "GPIO38", "", "C", 62.992, 62.992, 41.338, 41.338, 270],
		[400, "PAD41_11", 55, 1155, "T", "DIP", "GPIO39", "", "C", 62.992, 62.992, 41.338, 41.338, 270],
		[401, "PAD41_11", 55, 1155, "B", "DIP", "GPIO39", "", "C", 62.992, 62.992, 41.338, 41.338, 270],
		[402, "PAD42_12", 55, 1055, "T", "DIP", "GPIO40", "", "C", 62.992, 62.992, 41.338, 41.338, 270],
		[403, "PAD42_12", 55, 1055, "B", "DIP", "GPIO40", "", "C", 62.992, 62.992, 41.338, 41.338, 270],
		[404, "PAD43_13", 55, 955, "T", "DIP", "GPIO41", "", "C", 62.992, 62.992, 41.338, 41.338, 270],
		[405, "PAD43_13", 55, 955, "B", "DIP", "GPIO41", "", "C", 62.992, 62.992, 41.338, 41.338, 270],
		[406, "PAD44_14", 55, 855, "T", "DIP", "GPIO42", "", "C", 62.992, 62.992, 41.338, 41.338, 270],
		[407, "PAD44_14", 55, 855, "B", "DIP", "GPIO42", "", "C", 62.992, 62.992, 41.338, 41.338, 270],
		[408, "PAD45_15", 55, 755, "T", "DIP", "U0TXD", "", "C", 62.992, 62.992, 41.338, 41.338, 270],
		[409, "PAD45_15", 55, 755, "B", "DIP", "U0TXD", "", "C", 62.992, 62.992, 41.338, 41.338, 270],
		[410, "PAD46_16", 55, 655, "T", "DIP", "U0RXD", "", "C", 62.992, 62.992, 41.338, 41.338, 270],
		[411, "PAD46_16", 55, 655, "B", "DIP", "U0RXD", "", "C", 62.992, 62.992, 41.338, 41.338, 270],
		[412, "PAD47_17", 55, 555, "T", "DIP", "GPIO45", "", "C", 62.992, 62.992, 41.338, 41.338, 270],
		[413, "PAD47_17", 55, 555, "B", "DIP", "GPIO45", "", "C", 62.992, 62.992, 41.338, 41.338, 270],
		[414, "PAD48_18", 55, 455, "T", "DIP", "GPIO46", "", "C", 62.992, 62.992, 41.338, 41.338, 270],
		[415, "PAD48_18", 55, 455, "B", "DIP", "GPIO46", "", "C", 62.992, 62.992, 41.338, 41.338, 270],
		[416, "PAD49_19", 55, 355, "T", "DIP", "GPIO47", "", "C", 62.992, 62.992, 41.338, 41.338, 270],
		[417, "PAD49_19", 55, 355, "B", "DIP", "GPIO47", "", "C", 62.992, 62.992, 41.338, 41.338, 270],
		[418, "PAD50_20", 55, 255, "T", "DIP", "GPIO48", "", "C", 62.992, 62.992, 41.338, 41.338, 270],
		[419, "PAD50_20", 55, 255, "B", "DIP", "GPIO48", "", "C", 62.992, 62.992, 41.338, 41.338, 270],
		[420, "PAD51_21", 55, 155, "T", "DIP", "GND", "GND", "C", 62.992, 62.992, 41.338, 41.338, 270],
		[421, "PAD51_21", 55, 155, "B", "DIP", "GND", "GND", "C", 62.992, 62.992, 41.338, 41.338, 270],
		[422, "PAD52_22", 55, 55, "T", "DIP", "GND", "GND", "C", 62.992, 62.992, 41.338, 41.338, 270],
		[423, "PAD52_22", 55, 55, "B", "DIP", "GND", "GND", "C", 62.992, 62.992, 41.338, 41.338, 270],
		[424, "PAD53_3", 643.07, 95.015, "T", "SMD", "GND", "GND", "R", 41.339, 86.614, 0, 0, 0],
		[425, "PAD54_2", 526.93, 95.015, "T", "SMD", "GND", "GND", "R", 41.339, 86.614, 0, 0, 0],
		[426, "PAD55_1", 585, 34.985, "T", "SMD", "$1N2277", "", "R", 39.37, 41.339, 0, 0, 0],
		[427, "PAD56_1", 262.555, 35, "T", "SMD", "$1N2055", "", "R", 31.496, 34.016, 0, 0, 360],
		[428, "PAD57_2", 207.445, 35, "T", "SMD", "3V3", "", "R", 31.496, 34.016, 0, 0, 360],
		[429, "PAD58_1", 747.555, 220, "T", "SMD", "$1N2273", "", "R", 31.496, 34.016, 0, 0, 0],
		[430, "PAD59_2", 692.445, 220, "T", "SMD", "$1N2277", "", "R", 31.496, 34.016, 0, 0, 0],
		[431, "PAD60_1", 589.865, 1714.488, "T", "SMD", "U0RXD", "", "R", 31.496, 31.496, 0, 0, 0],
		[432, "PAD61_2", 590.135, 1655.512, "T", "SMD", "$1N22050", "", "R", 31.496, 31.496, 0, 0, 0],
		[433, "PAD62_1", 499.86, 1714.488, "T", "SMD", "U0TXD", "", "R", 31.496, 31.496, 0, 0, 0],
		[434, "PAD63_2", 500.14, 1655.512, "T", "SMD", "$1N22092", "", "R", 31.496, 31.496, 0, 0, 0],
		[435, "PAD64_1", 875.95, 1506.575, "T", "SMD", "3V3", "", "R", 59.055, 39.37, 0, 0, 90],
		[436, "PAD65_3", 994.05, 1703.425, "T", "SMD", "GND", "GND", "R", 59.055, 39.37, 0, 0, 90],
		[437, "PAD66_4", 875.95, 1703.425, "T", "SMD", "$1N14303", "", "R", 59.055, 39.37, 0, 0, 90],
		[438, "PAD67_1", 714.86, 1714.488, "T", "SMD", "GND", "GND", "R", 31.496, 31.496, 0, 0, 0],
		[439, "PAD68_2", 715.14, 1655.512, "T", "SMD", "3V3", "", "R", 31.496, 31.496, 0, 0, 0],
		[440, "PAD69_3", 385, 960.8, "T", "SMD", "CHIP_PU", "", "R", 27.559, 49.213, 0, 0, 0],
		[441, "PAD70_2", 347.6, 1059.2, "T", "SMD", "RTS", "", "R", 27.559, 49.213, 0, 0, 0],
		[442, "PAD71_1", 422.4, 1059.2, "T", "SMD", "$1N14574", "", "R", 27.559, 49.213, 0, 0, 0],
		[443, "PAD72_3", 530, 965.8, "T", "SMD", "DTR", "", "R", 27.559, 49.213, 0, 0, 0],
		[444, "PAD73_2", 492.6, 1064.2, "T", "SMD", "GPIO00", "", "R", 27.559, 49.213, 0, 0, 0],
		[445, "PAD74_1", 567.4, 1064.2, "T", "SMD", "$1N14579", "", "R", 27.559, 49.213, 0, 0, 0],
		[446, "PAD75_2", 384.0651, 807.2791, "T", "SMD", "U0TXD", "", "R", 31.751, 34.016, 0, 0, 310],
		[447, "PAD76_1", 345.9349, 852.7209, "T", "SMD", "$1N4558", "", "R", 31.751, 34.016, 0, 0, 310],
		[448, "PAD77_2", 244.66, 800, "T", "SMD", "VBUSB", "", "R", 31.751, 34.016, 0, 0, 0],
		[449, "PAD78_1", 185.34, 800, "T", "SMD", "+5V", "", "R", 31.751, 34.016, 0, 0, 0],
		[450, "PAD79_2", 510, 1194.66, "T", "SMD", "$1N14574", "", "R", 31.751, 34.016, 0, 0, 90],
		[451, "PAD80_1", 510, 1135.34, "T", "SMD", "DTR", "", "R", 31.751, 34.016, 0, 0, 90],
		[452, "PAD81_2", 590, 1135.34, "T", "SMD", "$1N14579", "", "R", 31.751, 34.016, 0, 0, 270],
		[453, "PAD82_1", 590, 1194.66, "T", "SMD", "RTS", "", "R", 31.751, 34.016, 0, 0, 270],
		[454, "PAD83_1", 178.98, 1490, "T", "SMD", "GPIO00", "", "R", 48.425, 73.228, 0, 0, 0],
		[455, "PAD84_2", 351.02, 1490, "T", "SMD", "GND", "GND", "R", 48.425, 73.228, 0, 0, 0],
		[456, "PAD85_1", 178.98, 1685, "T", "SMD", "CHIP_PU", "", "R", 48.425, 73.228, 0, 0, 0],
		[457, "PAD86_2", 351.02, 1685, "T", "SMD", "GND", "GND", "R", 48.425, 73.228, 0, 0, 0],
		[458, "PAD87_1", 637.4789, 547.7551, "T", "SMD", "$1N2273", "", "R", 26.181, 7.874, 0, 0, 135],
		[459, "PAD88_2", 648.6159, 558.892, "T", "SMD", "$1N2055", "", "R", 26.181, 7.874, 0, 0, 135],
		[460, "PAD89_3", 659.7528, 570.029, "T", "SMD", "$1N2055", "", "R", 26.181, 7.874, 0, 0, 135],
		[461, "PAD90_4", 670.8826, 581.1588, "T", "SMD", "CHIP_PU", "", "R", 26.181, 7.874, 0, 0, 135],
		[462, "PAD91_5", 682.0196, 592.2958, "T", "SMD", "GPIO00", "", "R", 26.181, 7.874, 0, 0, 135],
		[463, "PAD92_6", 693.1565, 603.4327, "T", "SMD", "GPIO01", "", "R", 26.181, 7.874, 0, 0, 135],
		[464, "PAD93_7", 704.2934, 614.5696, "T", "SMD", "GPIO02", "", "R", 26.181, 7.874, 0, 0, 135],
		[465, "PAD94_8", 715.4304, 625.7066, "T", "SMD", "GPIO03", "", "R", 26.181, 7.874, 0, 0, 135],
		[466, "PAD95_9", 726.5602, 636.8364, "T", "SMD", "GPIO04", "", "R", 26.181, 7.874, 0, 0, 135],
		[467, "PAD96_10", 737.6972, 647.9733, "T", "SMD", "GPIO05", "", "R", 26.181, 7.874, 0, 0, 135],
		[468, "PAD97_11", 748.8341, 659.1103, "T", "SMD", "GPIO06", "", "R", 26.181, 7.874, 0, 0, 135],
		[469, "PAD98_12", 759.971, 670.2472, "T", "SMD", "GPIO07", "", "R", 26.181, 7.874, 0, 0, 135],
		[470, "PAD99_13", 771.108, 681.3841, "T", "SMD", "GPIO08", "", "R", 26.181, 7.874, 0, 0, 135],
		[471, "PAD100_14", 782.2378, 692.514, "T", "SMD", "GPIO09", "", "R", 26.181, 7.874, 0, 0, 135],
		[472, "PAD101_15", 782.2378, 737.486, "T", "SMD", "GPIO010", "", "R", 7.874, 26.181, 0, 0, 135],
		[473, "PAD102_16", 771.108, 748.6159, "T", "SMD", "GPIO011", "", "R", 7.874, 26.181, 0, 0, 135],
		[474, "PAD103_17", 759.971, 759.7528, "T", "SMD", "GPIO012", "", "R", 7.874, 26.181, 0, 0, 135],
		[475, "PAD104_18", 748.8341, 770.8897, "T", "SMD", "GPIO013", "", "R", 7.874, 26.181, 0, 0, 135],
		[476, "PAD105_19", 737.6972, 782.0267, "T", "SMD", "GPIO014", "", "R", 7.874, 26.181, 0, 0, 135],
		[477, "PAD106_20", 726.5602, 793.1636, "T", "SMD", "3V3", "", "R", 7.874, 26.181, 0, 0, 135],
		[478, "PAD107_21", 715.4304, 804.2934, "T", "SMD", "GPIO15", "", "R", 7.874, 26.181, 0, 0, 135],
		[479, "PAD108_22", 704.2934, 815.4304, "T", "SMD", "GPIO16", "", "R", 7.874, 26.181, 0, 0, 135],
		[480, "PAD109_23", 693.1565, 826.5673, "T", "SMD", "GPIO17", "", "R", 7.874, 26.181, 0, 0, 135],
		[481, "PAD110_24", 682.0196, 837.7042, "T", "SMD", "GPIO18", "", "R", 7.874, 26.181, 0, 0, 135],
		[482, "PAD111_25", 670.8826, 848.8412, "T", "SMD", "GPIO19", "", "R", 7.874, 26.181, 0, 0, 135],
		[483, "PAD112_26", 659.7528, 859.971, "T", "SMD", "GPIO20", "", "R", 7.874, 26.181, 0, 0, 135],
		[484, "PAD113_27", 648.6159, 871.108, "T", "SMD", "GPIO21", "", "R", 7.874, 26.181, 0, 0, 135],
		[485, "PAD114_29", 592.514, 882.2378, "T", "SMD", "VDD_SPI", "", "R", 26.181, 7.874, 0, 0, 135],
		[486, "PAD115_30", 581.3841, 871.108, "T", "SMD", "$1N21353", "", "R", 26.181, 7.874, 0, 0, 135],
		[487, "PAD116_31", 570.2472, 859.971, "T", "SMD", "$1N21395", "", "R", 26.181, 7.874, 0, 0, 135],
		[488, "PAD117_32", 559.1103, 848.8341, "T", "SMD", "SPICS0", "", "R", 26.181, 7.874, 0, 0, 135],
		[489, "PAD118_33", 547.9733, 837.6972, "T", "SMD", "$1N21437", "", "R", 26.181, 7.874, 0, 0, 135],
		[490, "PAD119_34", 536.8364, 826.5602, "T", "SMD", "$1N21479", "", "R", 26.181, 7.874, 0, 0, 135],
		[491, "PAD120_35", 525.7066, 815.4304, "T", "SMD", "$1N21521", "", "R", 26.181, 7.874, 0, 0, 135],
		[492, "PAD121_36", 514.5696, 804.2934, "T", "SMD", "GPIO48", "", "R", 26.181, 7.874, 0, 0, 135],
		[493, "PAD122_37", 503.4327, 793.1565, "T", "SMD", "GPIO47", "", "R", 26.181, 7.874, 0, 0, 135],
		[494, "PAD123_40", 470.029, 759.7528, "T", "SMD", "GPIO35", "", "R", 26.181, 7.874, 0, 0, 135],
		[495, "PAD124_41", 458.892, 748.6159, "T", "SMD", "GPIO36", "", "R", 26.181, 7.874, 0, 0, 135],
		[496, "PAD125_42", 447.7551, 737.4789, "T", "SMD", "GPIO37", "", "R", 26.181, 7.874, 0, 0, 135],
		[497, "PAD126_43", 447.7551, 692.5211, "T", "SMD", "GPIO38", "", "R", 7.874, 26.181, 0, 0, 135],
		[498, "PAD127_44", 458.892, 681.3841, "T", "SMD", "GPIO39", "", "R", 7.874, 26.181, 0, 0, 135],
		[499, "PAD128_45", 470.029, 670.2472, "T", "SMD", "GPIO40", "", "R", 7.874, 26.181, 0, 0, 135],
		[500, "PAD129_46", 481.1588, 659.1174, "T", "SMD", "3V3", "", "R", 7.874, 26.181, 0, 0, 135],
		[501, "PAD130_47", 492.2958, 647.9804, "T", "SMD", "GPIO41", "", "R", 7.874, 26.181, 0, 0, 135],
		[502, "PAD131_48", 503.4327, 636.8435, "T", "SMD", "GPIO42", "", "R", 7.874, 26.181, 0, 0, 135],
		[503, "PAD132_49", 514.5696, 625.7066, "T", "SMD", "$1N4558", "", "R", 7.874, 26.181, 0, 0, 135],
		[504, "PAD133_50", 525.7066, 614.5696, "T", "SMD", "U0RXD", "", "R", 7.874, 26.181, 0, 0, 135],
		[505, "PAD134_51", 536.8364, 603.4398, "T", "SMD", "GPIO45", "", "R", 7.874, 26.181, 0, 0, 135],
		[506, "PAD135_52", 547.9733, 592.3028, "T", "SMD", "GPIO46", "", "R", 7.874, 26.181, 0, 0, 135],
		[507, "PAD136_53", 559.1103, 581.1659, "T", "SMD", "$1N4460", "", "R", 7.874, 26.181, 0, 0, 135],
		[508, "PAD137_54", 570.2472, 570.029, "T", "SMD", "$1N4206", "", "R", 7.874, 26.181, 0, 0, 135],
		[509, "PAD138_55", 581.3841, 558.892, "T", "SMD", "3V3", "", "R", 7.874, 26.181, 0, 0, 135],
		[510, "PAD139_56", 592.514, 547.7622, "T", "SMD", "3V3", "", "R", 7.874, 26.181, 0, 0, 135],
		[511, "PAD140_57", 614.9929, 715, "T", "SMD", "GND", "GND", "R", 157.48, 157.48, 0, 0, 135],
		[512, "PAD141_1", 335, 504.46, "T", "SMD", "SPICS0", "", "O", 23.976, 86.791, 0, 0, 180],
		[513, "PAD142_2", 285, 504.46, "T", "SMD", "SPIQ", "", "O", 23.976, 86.791, 0, 0, 180],
		[514, "PAD143_3", 235, 504.46, "T", "SMD", "SPIWP", "", "O", 23.976, 86.791, 0, 0, 180],
		[515, "PAD144_4", 185, 504.46, "T", "SMD", "GND", "GND", "O", 23.976, 86.791, 0, 0, 180],
		[516, "PAD145_8", 335, 225.54, "T", "SMD", "VDD_SPI", "", "O", 23.976, 86.791, 0, 0, 180],
		[517, "PAD146_7", 285, 225.54, "T", "SMD", "SPIHD", "", "O", 23.976, 86.791, 0, 0, 180],
		[518, "PAD147_6", 235, 225.54, "T", "SMD", "SPICLK", "", "O", 23.976, 86.791, 0, 0, 180],
		[519, "PAD148_5", 185, 225.54, "T", "SMD", "SPID", "", "O", 23.976, 86.791, 0, 0, 180],
		[520, "PAD149_A9B4", 255.515, 1916.6, "T", "SMD", "VBUSB", "", "R", 23.622, 45.276, 0, 0, 180],
		[521, "PAD150_B5", 281.095, 1916.6, "T", "SMD", "$1N7752", "", "R", 11.811, 45.276, 0, 0, 180],
		[522, "PAD151_B6", 320.465, 1916.6, "T", "SMD", "D+", "", "R", 11.811, 45.276, 0, 0, 180],
		[523, "PAD152_A7", 340.155, 1916.6, "T", "SMD", "D-", "", "R", 11.811, 45.276, 0, 0, 180],
		[524, "PAD153_A6", 359.835, 1916.6, "T", "SMD", "D+", "", "R", 11.811, 45.276, 0, 0, 180],
		[525, "PAD154_B7", 379.525, 1916.6, "T", "SMD", "D-", "", "R", 11.811, 45.276, 0, 0, 180],
		[526, "PAD155_A5", 399.205, 1916.6, "T", "SMD", "$1N7702", "", "R", 11.811, 45.276, 0, 0, 180],
		[527, "PAD156_A4B9", 444.485, 1916.6, "T", "SMD", "VBUSB", "", "R", 23.622, 45.276, 0, 0, 180],
		[528, "PAD157_A12B1", 224.015, 1916.6, "T", "SMD", "GND", "GND", "R", 23.622, 45.276, 0, 0, 180],
		[529, "PAD158_A1B12", 475.985, 1916.6, "T", "SMD", "GND", "GND", "R", 23.622, 45.276, 0, 0, 180],
		[530, "PAD159_14", 520.075, 2103.4, "T", "DIP", "GND", "GND", "O", 39.37, 70.866, 23.622, 55.118, 180],
		[531, "PAD159_14", 520.075, 2103.4, "B", "DIP", "GND", "GND", "O", 39.37, 70.866, 23.622, 55.118, 180],
		[532, "PAD160_12", 520.075, 1938.83, "T", "DIP", "GND", "GND", "O", 39.37, 82.677, 23.622, 66.929, 180],
		[533, "PAD160_12", 520.075, 1938.83, "B", "DIP", "GND", "GND", "O", 39.37, 82.677, 23.622, 66.929, 180],
		[534, "PAD161_13", 179.925, 1938.83, "T", "DIP", "GND", "GND", "O", 39.37, 82.677, 23.622, 66.929, 180],
		[535, "PAD161_13", 179.925, 1938.83, "B", "DIP", "GND", "GND", "O", 39.37, 82.677, 23.622, 66.929, 180],
		[536, "PAD162_15", 179.925, 2103.4, "T", "DIP", "GND", "GND", "O", 39.37, 70.866, 23.622, 55.118, 180],
		[537, "PAD162_15", 179.925, 2103.4, "B", "DIP", "GND", "GND", "O", 39.37, 70.866, 23.622, 55.118, 180],
		[538, "PAD163_A9B4", 735.515, 1916.6, "T", "SMD", "VBUSB", "", "R", 23.622, 45.276, 0, 0, 180],
		[539, "PAD164_B5", 761.095, 1916.6, "T", "SMD", "$1N8599", "", "R", 11.811, 45.276, 0, 0, 180],
		[540, "PAD165_B6", 800.465, 1916.6, "T", "SMD", "D+", "", "R", 11.811, 45.276, 0, 0, 180],
		[541, "PAD166_A7", 820.155, 1916.6, "T", "SMD", "GPIO19", "", "R", 11.811, 45.276, 0, 0, 180],
		[542, "PAD167_A6", 839.835, 1916.6, "T", "SMD", "GPIO20", "", "R", 11.811, 45.276, 0, 0, 180],
		[543, "PAD168_B7", 859.525, 1916.6, "T", "SMD", "D-", "", "R", 11.811, 45.276, 0, 0, 180],
		[544, "PAD169_A5", 879.205, 1916.6, "T", "SMD", "$1N8597", "", "R", 11.811, 45.276, 0, 0, 180],
		[545, "PAD170_A4B9", 924.485, 1916.6, "T", "SMD", "VBUSB", "", "R", 23.622, 45.276, 0, 0, 180],
		[546, "PAD171_A12B1", 704.015, 1916.6, "T", "SMD", "GND", "GND", "R", 23.622, 45.276, 0, 0, 180],
		[547, "PAD172_A1B12", 955.985, 1916.6, "T", "SMD", "GND", "GND", "R", 23.622, 45.276, 0, 0, 180],
		[548, "PAD173_14", 1000.075, 2103.4, "T", "DIP", "GND", "GND", "O", 39.37, 70.866, 23.622, 55.118, 180],
		[549, "PAD173_14", 1000.075, 2103.4, "B", "DIP", "GND", "GND", "O", 39.37, 70.866, 23.622, 55.118, 180],
		[550, "PAD174_12", 1000.075, 1938.83, "T", "DIP", "GND", "GND", "O", 39.37, 82.677, 23.622, 66.929, 180],
		[551, "PAD174_12", 1000.075, 1938.83, "B", "DIP", "GND", "GND", "O", 39.37, 82.677, 23.622, 66.929, 180],
		[552, "PAD175_13", 659.925, 1938.83, "T", "DIP", "GND", "GND", "O", 39.37, 82.677, 23.622, 66.929, 180],
		[553, "PAD175_13", 659.925, 1938.83, "B", "DIP", "GND", "GND", "O", 39.37, 82.677, 23.622, 66.929, 180],
		[554, "PAD176_15", 659.925, 2103.4, "T", "DIP", "GND", "GND", "O", 39.37, 70.866, 23.622, 55.118, 180],
		[555, "PAD176_15", 659.925, 2103.4, "B", "DIP", "GND", "GND", "O", 39.37, 70.866, 23.622, 55.118, 180],
		[556, "PAD177_1", 206.844, 1176.269, "T", "SMD", "3V3", "", "R", 9.843, 29.528, 0, 0, 0],
		[557, "PAD178_2", 226.524, 1176.269, "T", "SMD", "GND", "GND", "R", 9.843, 29.528, 0, 0, 0],
		[558, "PAD179_3", 246.214, 1176.269, "T", "SMD", "VBUSB", "", "R", 9.843, 29.528, 0, 0, 0],
		[559, "PAD180_4", 265.894, 1176.259, "T", "SMD", "U0RXD", "", "R", 9.843, 29.528, 0, 0, 0],
		[560, "PAD181_5", 293.394, 1203.829, "T", "SMD", "U0TXD", "", "R", 29.528, 9.843, 0, 0, 0],
		[561, "PAD182_6", 293.394, 1223.509, "T", "SMD", "$1N11135", "", "R", 29.528, 9.843, 0, 0, 0],
		[562, "PAD183_7", 293.394, 1243.199, "T", "SMD", "D+", "", "R", 29.528, 9.843, 0, 0, 0],
		[563, "PAD184_8", 293.394, 1262.879, "T", "SMD", "D-", "", "R", 29.528, 9.843, 0, 0, 0],
		[564, "PAD185_9", 265.834, 1290.439, "T", "SMD", "VBUSB", "", "R", 9.843, 29.528, 0, 0, 0],
		[565, "PAD186_12", 206.814, 1290.439, "T", "SMD", "DTR", "", "R", 9.843, 29.528, 0, 0, 0],
		[566, "PAD187_13", 179.224, 1262.879, "T", "SMD", "RTS", "", "R", 29.528, 9.843, 0, 0, 0],
		[567, "PAD188_17", 236.324, 1233.349, "T", "SMD", "GND", "GND", "R", 66.929, 66.929, 0, 0, 0],
		[568, "PAD189_1", 829.45, 1047.5, "T", "SMD", "GND", "GND", "R", 97.047, 41.339, 0, 0, 270],
		[569, "PAD190_2", 920, 1047.5, "T", "SMD", "3V3", "", "R", 97.047, 41.339, 0, 0, 270],
		[570, "PAD191_3", 1010.55, 1047.5, "T", "SMD", "+5V", "", "R", 97.047, 41.339, 0, 0, 270],
		[571, "PAD192_4", 920, 1272.5, "T", "SMD", "3V3", "", "R", 97.047, 139.37, 0, 0, 270],
		[572, "PAD193_1", 906.69, 751.535, "T", "SMD", "$1N4327", "", "R", 55.118, 47.244, 0, 0, 0],
		[573, "PAD194_2", 993.31, 751.535, "T", "SMD", "GND", "GND", "R", 55.118, 47.244, 0, 0, 0],
		[574, "PAD195_3", 993.31, 818.465, "T", "SMD", "$1N4460", "", "R", 55.118, 47.244, 0, 0, 0],
		[575, "PAD196_4", 906.69, 818.465, "T", "SMD", "GND", "GND", "R", 55.118, 47.244, 0, 0, 0],
		[576, "PAD197_2", 567.3296, 454.3683, "T", "SMD", "GND", "GND", "R", 19.685, 21.26, 0, 0, 220],
		[577, "PAD198_1", 592.6704, 475.6317, "T", "SMD", "3V3", "", "R", 19.685, 21.26, 0, 0, 220],
		[578, "PAD199_2", 755, 986.54, "T", "SMD", "GND", "GND", "R", 19.685, 21.26, 0, 0, 90],
		[579, "PAD200_1", 755, 953.46, "T", "SMD", "3V3", "", "R", 19.685, 21.26, 0, 0, 90],
		[580, "PAD201_2", 981.54, 970, "T", "SMD", "+5V", "", "R", 19.685, 21.26, 0, 0, 0],
		[581, "PAD202_1", 948.46, 970, "T", "SMD", "GND", "GND", "R", 19.685, 21.26, 0, 0, 0],
		[582, "PAD203_2", 948.46, 925, "T", "SMD", "GND", "GND", "R", 19.685, 21.26, 0, 0, 180],
		[583, "PAD204_1", 981.54, 925, "T", "SMD", "+5V", "", "R", 19.685, 21.26, 0, 0, 180],
		[584, "PAD205_2", 387.952, 217.322, "T", "SMD", "VDD_SPI", "", "R", 55.512, 53.15, 0, 0, 90],
		[585, "PAD206_1", 387.952, 138.582, "T", "SMD", "GND", "GND", "R", 55.512, 53.15, 0, 0, 90],
		[586, "PAD207_2", 989.37, 630, "T", "SMD", "GND", "GND", "R", 55.512, 53.15, 0, 0, 0],
		[587, "PAD208_1", 910.63, 630, "T", "SMD", "3V3", "", "R", 55.512, 53.15, 0, 0, 0],
		[588, "PAD209_2", 537.3296, 489.3683, "T", "SMD", "GND", "GND", "R", 19.685, 21.26, 0, 0, 220],
		[589, "PAD210_1", 562.6704, 510.6317, "T", "SMD", "3V3", "", "R", 19.685, 21.26, 0, 0, 220],
		[590, "PAD211_2", 535.3028, 371.969, "T", "SMD", "GND", "GND", "R", 58.465, 68.031, 0, 0, 310],
		[591, "PAD212_1", 454.6972, 468.031, "T", "SMD", "3V3", "", "R", 58.465, 68.031, 0, 0, 310],
		[592, "PAD213_2", 390, 1173.46, "T", "SMD", "GND", "GND", "R", 19.685, 21.26, 0, 0, 270],
		[593, "PAD214_1", 390, 1206.54, "T", "SMD", "$1N11135", "", "R", 19.685, 21.26, 0, 0, 270],
		[594, "PAD215_2", 371.54, 35, "T", "SMD", "GND", "GND", "R", 19.685, 21.26, 0, 0, 0],
		[595, "PAD216_1", 338.46, 35, "T", "SMD", "$1N2055", "", "R", 19.685, 21.26, 0, 0, 0],
		[596, "PAD217_2", 445, 191.54, "T", "SMD", "VDD_SPI", "", "R", 19.685, 21.26, 0, 0, 90],
		[597, "PAD218_1", 445, 158.46, "T", "SMD", "GND", "GND", "R", 19.685, 21.26, 0, 0, 90],
		[598, "PAD219_2", 198.46, 1120, "T", "SMD", "3V3", "", "R", 19.685, 21.26, 0, 0, 180],
		[599, "PAD220_1", 231.54, 1120, "T", "SMD", "GND", "GND", "R", 19.685, 21.26, 0, 0, 180],
		[600, "PAD221_2", 758.8878, 867.2848, "T", "SMD", "GND", "GND", "R", 31.496, 35.433, 0, 0, 220],
		[601, "PAD222_1", 801.1122, 902.7152, "T", "SMD", "3V3", "", "R", 31.496, 35.433, 0, 0, 220],
		[602, "PAD223_2", 476.54, 35, "T", "SMD", "$1N2277", "", "R", 19.685, 21.26, 0, 0, 0],
		[603, "PAD224_1", 443.46, 35, "T", "SMD", "GND", "GND", "R", 19.685, 21.26, 0, 0, 0],
		[604, "PAD225_2", 755, 121.54, "T", "SMD", "$1N2273", "", "R", 19.685, 21.26, 0, 0, 90],
		[605, "PAD226_1", 755, 88.46, "T", "SMD", "GND", "GND", "R", 19.685, 21.26, 0, 0, 90],
		[606, "PAD227_2", 922.44, 560, "T", "SMD", "$1N4327", "", "R", 31.496, 35.433, 0, 0, 180],
		[607, "PAD228_1", 977.56, 560, "T", "SMD", "GND", "GND", "R", 31.496, 35.433, 0, 0, 180],
		[608, "PAD229_2", 1035, 942.56, "T", "SMD", "$1N4460", "", "R", 31.496, 35.433, 0, 0, 90],
		[609, "PAD230_1", 1035, 887.44, "T", "SMD", "GND", "GND", "R", 31.496, 35.433, 0, 0, 90],
		[610, "PAD231_2", 170.63, 1055, "T", "SMD", "3V3", "", "R", 55.512, 53.15, 0, 0, 180],
		[611, "PAD232_1", 249.37, 1055, "T", "SMD", "GND", "GND", "R", 55.512, 53.15, 0, 0, 180],
		[612, "PAD233_2", 285, 172.04, "T", "SMD", "SPIHD", "", "R", 22.27, 21.26, 0, 0, 90],
		[613, "PAD234_1", 285, 137.96, "T", "SMD", "$1N21353", "", "R", 22.27, 21.26, 0, 0, 90],
		[614, "PAD235_2", 235, 562.96, "T", "SMD", "SPIWP", "", "R", 22.27, 21.26, 0, 0, 270],
		[615, "PAD236_1", 235, 597.04, "T", "SMD", "$1N21395", "", "R", 22.27, 21.26, 0, 0, 270],
		[616, "PAD237_2", 235, 172.04, "T", "SMD", "SPICLK", "", "R", 22.27, 21.26, 0, 0, 90],
		[617, "PAD238_1", 235, 137.96, "T", "SMD", "$1N21437", "", "R", 22.27, 21.26, 0, 0, 90],
		[618, "PAD239_2", 285, 562.96, "T", "SMD", "SPIQ", "", "R", 22.27, 21.26, 0, 0, 270],
		[619, "PAD240_1", 285, 597.04, "T", "SMD", "$1N21479", "", "R", 22.27, 21.26, 0, 0, 270],
		[620, "PAD241_2", 185, 172.04, "T", "SMD", "SPID", "", "R", 22.27, 21.26, 0, 0, 90],
		[621, "PAD242_1", 185, 137.96, "T", "SMD", "$1N21521", "", "R", 22.27, 21.26, 0, 0, 90],
		[622, "PAD243_2", 867.04, 555, "T", "SMD", "$1N4327", "", "R", 22.27, 21.26, 0, 0, 0],
		[623, "PAD244_1", 832.96, 555, "T", "SMD", "$1N4206", "", "R", 22.27, 21.26, 0, 0, 0],
		[624, "PAD245_2", 385, 1849.66, "T", "SMD", "GND", "GND", "R", 31.751, 34.016, 0, 0, 90],
		[625, "PAD246_1", 385, 1790.34, "T", "SMD", "$1N7702", "", "R", 31.751, 34.016, 0, 0, 90],
		[626, "PAD247_2", 585, 1849.66, "T", "SMD", "$1N8599", "", "R", 31.751, 34.016, 0, 0, 90],
		[627, "PAD248_1", 585, 1790.34, "T", "SMD", "GND", "GND", "R", 31.751, 34.016, 0, 0, 90],
		[628, "PAD249_2", 904.66, 1855, "T", "SMD", "GND", "GND", "R", 31.751, 34.016, 0, 0, 0],
		[629, "PAD250_1", 845.34, 1855, "T", "SMD", "$1N8597", "", "R", 31.751, 34.016, 0, 0, 0],
		[630, "PAD251_2", 249.66, 1830, "T", "SMD", "$1N7752", "", "R", 31.751, 34.016, 0, 0, 0],
		[631, "PAD252_1", 190.34, 1830, "T", "SMD", "GND", "GND", "R", 31.751, 34.016, 0, 0, 0],
		[632, "PAD253_2", 269.66, 690, "T", "SMD", "3V3", "", "R", 31.751, 34.016, 0, 0, 0],
		[633, "PAD254_1", 210.34, 690, "T", "SMD", "GPIO00", "", "R", 31.751, 34.016, 0, 0, 0],
		[634, "PAD255_2", 185.34, 920, "T", "SMD", "CHIP_PU", "", "R", 31.751, 34.016, 0, 0, 180],
		[635, "PAD256_1", 244.66, 920, "T", "SMD", "3V3", "", "R", 31.751, 34.016, 0, 0, 180],
		[636, "PAD257_2", 852.04, 1755, "T", "SMD", "$1N14303", "", "R", 22.27, 21.26, 0, 0, 360],
		[637, "PAD258_1", 817.96, 1755, "T", "SMD", "GPIO48", "", "R", 22.27, 21.26, 0, 0, 360],
		[638, "PAD259_2", 590, 1552.96, "T", "SMD", "3V3", "", "R", 22.27, 21.26, 0, 0, 270],
		[639, "PAD260_1", 590, 1587.04, "T", "SMD", "$1N22050", "", "R", 22.27, 21.26, 0, 0, 270],
		[640, "PAD261_2", 500, 1557.96, "T", "SMD", "3V3", "", "R", 22.27, 21.26, 0, 0, 270],
		[641, "PAD262_1", 500, 1592.04, "T", "SMD", "$1N22092", "", "R", 22.27, 21.26, 0, 0, 270],
		[642, "PAD263_1", 920, 1270, "T", "DIP", "3V3", "", "C", 60, 60, 36, 36, 0],
		[643, "PAD263_1", 920, 1270, "B", "DIP", "3V3", "", "C", 60, 60, 36, 36, 0]
	]
}
}